ts,station_id,icon_rr_mm,icon_t2m_c
2025-09-10 00:00:00+00:00,ERFT_A,0.16,14.18
2025-09-10 00:15:00+00:00,ERFT_A,0.29,15.01
2025-09-10 00:30:00+00:00,ERFT_A,0.11,14.35
2025-09-10 00:45:00+00:00,ERFT_A,0.08,13.98
2025-09-10 01:00:00+00:00,ERFT_A,0.33,13.97
2025-09-10 01:15:00+00:00,ERFT_A,0.1,14.08
2025-09-10 01:30:00+00:00,ERFT_A,0.2,14.21
2025-09-10 01:45:00+00:00,ERFT_A,0.17,14.2
2025-09-10 02:00:00+00:00,ERFT_A,0.33,14.91
2025-09-10 02:15:00+00:00,ERFT_A,0.05,13.64
2025-09-10 02:30:00+00:00,ERFT_A,0.46,14.99
2025-09-10 02:45:00+00:00,ERFT_A,0.0,14.43
2025-09-10 03:00:00+00:00,ERFT_A,0.22,14.86
2025-09-10 03:15:00+00:00,ERFT_A,0.18,14.17
2025-09-10 03:30:00+00:00,ERFT_A,0.0,15.45
2025-09-10 03:45:00+00:00,ERFT_A,0.24,15.46
2025-09-10 04:00:00+00:00,ERFT_A,0.06,15.38
2025-09-10 04:15:00+00:00,ERFT_A,0.0,14.19
2025-09-10 04:30:00+00:00,ERFT_A,0.28,15.42
2025-09-10 04:45:00+00:00,ERFT_A,0.0,15.26
2025-09-10 05:00:00+00:00,ERFT_A,0.0,14.31
2025-09-10 05:15:00+00:00,ERFT_A,0.11,15.16
2025-09-10 05:30:00+00:00,ERFT_A,0.33,15.41
2025-09-10 05:45:00+00:00,ERFT_A,0.26,15.56
2025-09-10 06:00:00+00:00,ERFT_A,0.15,15.43
2025-09-10 06:15:00+00:00,ERFT_A,0.0,15.54
2025-09-10 06:30:00+00:00,ERFT_A,0.0,16.18
2025-09-10 06:45:00+00:00,ERFT_A,0.03,16.11
2025-09-10 07:00:00+00:00,ERFT_A,0.0,14.12
2025-09-10 07:15:00+00:00,ERFT_A,0.0,15.45
2025-09-10 07:30:00+00:00,ERFT_A,0.12,15.58
2025-09-10 07:45:00+00:00,ERFT_A,0.27,14.84
2025-09-10 08:00:00+00:00,ERFT_A,0.02,15.82
2025-09-10 08:15:00+00:00,ERFT_A,0.32,16.45
2025-09-10 08:30:00+00:00,ERFT_A,0.0,15.33
2025-09-10 08:45:00+00:00,ERFT_A,0.0,16.1
2025-09-10 09:00:00+00:00,ERFT_A,0.12,15.53
2025-09-10 09:15:00+00:00,ERFT_A,0.0,15.7
2025-09-10 09:30:00+00:00,ERFT_A,0.25,16.83
2025-09-10 09:45:00+00:00,ERFT_A,0.2,15.87
2025-09-10 10:00:00+00:00,ERFT_A,0.01,16.43
2025-09-10 10:15:00+00:00,ERFT_A,0.0,15.31
2025-09-10 10:30:00+00:00,ERFT_A,0.0,17.23
2025-09-10 10:45:00+00:00,ERFT_A,0.2,16.65
2025-09-10 11:00:00+00:00,ERFT_A,0.26,16.31
2025-09-10 11:15:00+00:00,ERFT_A,0.0,16.74
2025-09-10 11:30:00+00:00,ERFT_A,0.0,15.8
2025-09-10 11:45:00+00:00,ERFT_A,0.0,17.15
2025-09-10 12:00:00+00:00,ERFT_A,0.18,16.44
2025-09-10 12:15:00+00:00,ERFT_A,0.01,16.56
2025-09-10 12:30:00+00:00,ERFT_A,0.01,16.46
2025-09-10 12:45:00+00:00,ERFT_A,0.0,16.47
2025-09-10 13:00:00+00:00,ERFT_A,0.0,17.15
2025-09-10 13:15:00+00:00,ERFT_A,0.32,16.98
2025-09-10 13:30:00+00:00,ERFT_A,0.19,17.23
2025-09-10 13:45:00+00:00,ERFT_A,0.0,16.95
2025-09-10 14:00:00+00:00,ERFT_A,0.1,17.26
2025-09-10 14:15:00+00:00,ERFT_A,0.14,16.84
2025-09-10 14:30:00+00:00,ERFT_A,0.63,18.22
2025-09-10 14:45:00+00:00,ERFT_A,0.0,16.36
2025-09-10 15:00:00+00:00,ERFT_A,0.13,17.83
2025-09-10 15:15:00+00:00,ERFT_A,0.31,17.93
2025-09-10 15:30:00+00:00,ERFT_A,0.56,16.86
2025-09-10 15:45:00+00:00,ERFT_A,0.0,18.45
2025-09-10 16:00:00+00:00,ERFT_A,0.01,17.88
2025-09-10 16:15:00+00:00,ERFT_A,0.25,17.92
2025-09-10 16:30:00+00:00,ERFT_A,0.0,17.49
2025-09-10 16:45:00+00:00,ERFT_A,0.16,17.41
2025-09-10 17:00:00+00:00,ERFT_A,0.84,17.46
2025-09-10 17:15:00+00:00,ERFT_A,0.18,17.81
2025-09-10 17:30:00+00:00,ERFT_A,0.0,18.36
2025-09-10 17:45:00+00:00,ERFT_A,0.0,17.79
2025-09-10 18:00:00+00:00,ERFT_A,0.0,17.29
2025-09-10 18:15:00+00:00,ERFT_A,0.4,18.2
2025-09-10 18:30:00+00:00,ERFT_A,0.05,18.29
2025-09-10 18:45:00+00:00,ERFT_A,0.0,18.2
2025-09-10 19:00:00+00:00,ERFT_A,0.07,18.29
2025-09-10 19:15:00+00:00,ERFT_A,0.11,17.83
2025-09-10 19:30:00+00:00,ERFT_A,0.0,17.54
2025-09-10 19:45:00+00:00,ERFT_A,0.0,17.61
2025-09-10 20:00:00+00:00,ERFT_A,0.91,17.27
2025-09-10 20:15:00+00:00,ERFT_A,0.32,18.25
2025-09-10 20:30:00+00:00,ERFT_A,0.35,18.13
2025-09-10 20:45:00+00:00,ERFT_A,0.05,17.99
2025-09-10 21:00:00+00:00,ERFT_A,0.0,16.77
2025-09-10 21:15:00+00:00,ERFT_A,0.0,17.66
2025-09-10 21:30:00+00:00,ERFT_A,0.0,18.89
2025-09-10 21:45:00+00:00,ERFT_A,0.62,18.03
2025-09-10 22:00:00+00:00,ERFT_A,0.06,18.58
2025-09-10 22:15:00+00:00,ERFT_A,0.49,17.75
2025-09-10 22:30:00+00:00,ERFT_A,0.01,19.2
2025-09-10 22:45:00+00:00,ERFT_A,0.19,18.44
2025-09-10 23:00:00+00:00,ERFT_A,0.13,18.7
2025-09-10 23:15:00+00:00,ERFT_A,0.0,19.75
2025-09-10 23:30:00+00:00,ERFT_A,0.69,19.38
2025-09-10 23:45:00+00:00,ERFT_A,0.01,18.51
2025-09-11 00:00:00+00:00,ERFT_A,0.0,18.4
2025-09-11 00:15:00+00:00,ERFT_A,0.25,18.57
2025-09-11 00:30:00+00:00,ERFT_A,0.08,19.02
2025-09-11 00:45:00+00:00,ERFT_A,0.16,18.75
2025-09-11 01:00:00+00:00,ERFT_A,0.1,18.63
2025-09-11 01:15:00+00:00,ERFT_A,0.0,19.6
2025-09-11 01:30:00+00:00,ERFT_A,0.0,18.84
2025-09-11 01:45:00+00:00,ERFT_A,0.0,20.08
2025-09-11 02:00:00+00:00,ERFT_A,0.34,19.01
2025-09-11 02:15:00+00:00,ERFT_A,0.09,19.89
2025-09-11 02:30:00+00:00,ERFT_A,0.21,19.2
2025-09-11 02:45:00+00:00,ERFT_A,0.02,19.54
2025-09-11 03:00:00+00:00,ERFT_A,0.22,18.72
2025-09-11 03:15:00+00:00,ERFT_A,0.05,18.69
2025-09-11 03:30:00+00:00,ERFT_A,0.04,19.37
2025-09-11 03:45:00+00:00,ERFT_A,0.12,19.67
2025-09-11 04:00:00+00:00,ERFT_A,0.1,19.22
2025-09-11 04:15:00+00:00,ERFT_A,1.16,18.59
2025-09-11 04:30:00+00:00,ERFT_A,0.0,18.58
2025-09-11 04:45:00+00:00,ERFT_A,0.0,18.57
2025-09-11 05:00:00+00:00,ERFT_A,0.16,18.43
2025-09-11 05:15:00+00:00,ERFT_A,0.0,19.39
2025-09-11 05:30:00+00:00,ERFT_A,0.0,19.92
2025-09-11 05:45:00+00:00,ERFT_A,0.0,19.38
2025-09-11 06:00:00+00:00,ERFT_A,0.96,18.28
2025-09-11 06:15:00+00:00,ERFT_A,0.0,19.34
2025-09-11 06:30:00+00:00,ERFT_A,0.0,19.38
2025-09-11 06:45:00+00:00,ERFT_A,0.91,20.53
2025-09-11 07:00:00+00:00,ERFT_A,0.0,18.77
2025-09-11 07:15:00+00:00,ERFT_A,1.44,19.33
2025-09-11 07:30:00+00:00,ERFT_A,0.01,20.4
2025-09-11 07:45:00+00:00,ERFT_A,0.69,19.79
2025-09-11 08:00:00+00:00,ERFT_A,0.03,19.87
2025-09-11 08:15:00+00:00,ERFT_A,0.19,19.67
2025-09-11 08:30:00+00:00,ERFT_A,0.06,19.79
2025-09-11 08:45:00+00:00,ERFT_A,0.04,20.04
2025-09-11 09:00:00+00:00,ERFT_A,0.14,19.26
2025-09-11 09:15:00+00:00,ERFT_A,0.2,20.12
2025-09-11 09:30:00+00:00,ERFT_A,0.12,19.02
2025-09-11 09:45:00+00:00,ERFT_A,0.1,19.88
2025-09-11 10:00:00+00:00,ERFT_A,0.0,19.83
2025-09-11 10:15:00+00:00,ERFT_A,0.06,19.44
2025-09-11 10:30:00+00:00,ERFT_A,0.61,19.76
2025-09-11 10:45:00+00:00,ERFT_A,0.0,19.47
2025-09-11 11:00:00+00:00,ERFT_A,0.14,19.26
2025-09-11 11:15:00+00:00,ERFT_A,0.45,19.64
2025-09-11 11:30:00+00:00,ERFT_A,0.2,19.27
2025-09-11 11:45:00+00:00,ERFT_A,0.35,20.0
2025-09-11 12:00:00+00:00,ERFT_A,0.0,19.28
2025-09-11 12:15:00+00:00,ERFT_A,0.15,20.22
2025-09-11 12:30:00+00:00,ERFT_A,0.03,19.29
2025-09-11 12:45:00+00:00,ERFT_A,0.03,19.6
2025-09-11 13:00:00+00:00,ERFT_A,0.57,19.59
2025-09-11 13:15:00+00:00,ERFT_A,0.04,20.57
2025-09-11 13:30:00+00:00,ERFT_A,0.15,20.08
2025-09-11 13:45:00+00:00,ERFT_A,0.0,19.82
2025-09-11 14:00:00+00:00,ERFT_A,0.69,20.18
2025-09-11 14:15:00+00:00,ERFT_A,0.32,18.89
2025-09-11 14:30:00+00:00,ERFT_A,0.07,19.93
2025-09-11 14:45:00+00:00,ERFT_A,0.02,20.96
2025-09-11 15:00:00+00:00,ERFT_A,0.23,20.03
2025-09-11 15:15:00+00:00,ERFT_A,0.44,20.0
2025-09-11 15:30:00+00:00,ERFT_A,0.7,20.25
2025-09-11 15:45:00+00:00,ERFT_A,0.31,20.43
2025-09-11 16:00:00+00:00,ERFT_A,0.1,18.99
2025-09-11 16:15:00+00:00,ERFT_A,0.37,19.15
2025-09-11 16:30:00+00:00,ERFT_A,0.3,20.1
2025-09-11 16:45:00+00:00,ERFT_A,0.1,19.64
2025-09-11 17:00:00+00:00,ERFT_A,0.29,20.65
2025-09-11 17:15:00+00:00,ERFT_A,0.28,19.84
2025-09-11 17:30:00+00:00,ERFT_A,0.07,19.03
2025-09-11 17:45:00+00:00,ERFT_A,0.0,19.37
2025-09-11 18:00:00+00:00,ERFT_A,0.25,18.63
2025-09-11 18:15:00+00:00,ERFT_A,0.0,19.88
2025-09-11 18:30:00+00:00,ERFT_A,0.0,19.9
2025-09-11 18:45:00+00:00,ERFT_A,0.16,19.78
2025-09-11 19:00:00+00:00,ERFT_A,0.24,20.53
2025-09-11 19:15:00+00:00,ERFT_A,0.16,20.59
2025-09-11 19:30:00+00:00,ERFT_A,0.18,19.9
2025-09-11 19:45:00+00:00,ERFT_A,0.24,18.92
2025-09-11 20:00:00+00:00,ERFT_A,0.57,20.29
2025-09-11 20:15:00+00:00,ERFT_A,0.32,20.26
2025-09-11 20:30:00+00:00,ERFT_A,0.31,20.13
2025-09-11 20:45:00+00:00,ERFT_A,0.14,20.46
2025-09-11 21:00:00+00:00,ERFT_A,0.15,19.38
2025-09-11 21:15:00+00:00,ERFT_A,0.05,20.96
2025-09-11 21:30:00+00:00,ERFT_A,0.18,19.47
2025-09-11 21:45:00+00:00,ERFT_A,0.0,20.31
2025-09-11 22:00:00+00:00,ERFT_A,0.57,19.09
2025-09-11 22:15:00+00:00,ERFT_A,0.0,19.46
2025-09-11 22:30:00+00:00,ERFT_A,0.32,20.67
2025-09-11 22:45:00+00:00,ERFT_A,0.5,19.77
2025-09-11 23:00:00+00:00,ERFT_A,0.32,20.31
2025-09-11 23:15:00+00:00,ERFT_A,1.03,20.0
2025-09-11 23:30:00+00:00,ERFT_A,0.0,19.82
2025-09-11 23:45:00+00:00,ERFT_A,0.0,20.54
2025-09-12 00:00:00+00:00,ERFT_A,0.5,19.73
2025-09-12 00:15:00+00:00,ERFT_A,0.0,18.94
2025-09-12 00:30:00+00:00,ERFT_A,0.0,19.42
2025-09-12 00:45:00+00:00,ERFT_A,0.22,20.08
2025-09-12 01:00:00+00:00,ERFT_A,0.1,19.99
2025-09-12 01:15:00+00:00,ERFT_A,0.2,18.99
2025-09-12 01:30:00+00:00,ERFT_A,0.11,19.4
2025-09-12 01:45:00+00:00,ERFT_A,0.14,19.45
2025-09-12 02:00:00+00:00,ERFT_A,0.0,19.55
2025-09-12 02:15:00+00:00,ERFT_A,0.13,19.02
2025-09-12 02:30:00+00:00,ERFT_A,0.01,19.38
2025-09-12 02:45:00+00:00,ERFT_A,0.03,19.31
2025-09-12 03:00:00+00:00,ERFT_A,0.31,20.04
2025-09-12 03:15:00+00:00,ERFT_A,0.0,20.04
2025-09-12 03:30:00+00:00,ERFT_A,0.0,19.55
2025-09-12 03:45:00+00:00,ERFT_A,0.29,19.4
2025-09-12 04:00:00+00:00,ERFT_A,0.13,19.65
2025-09-12 04:15:00+00:00,ERFT_A,0.5,19.15
2025-09-12 04:30:00+00:00,ERFT_A,0.0,18.96
2025-09-12 04:45:00+00:00,ERFT_A,0.06,19.04
2025-09-12 05:00:00+00:00,ERFT_A,0.1,19.17
2025-09-12 05:15:00+00:00,ERFT_A,0.0,18.89
2025-09-12 05:30:00+00:00,ERFT_A,0.0,19.53
2025-09-12 05:45:00+00:00,ERFT_A,0.3,19.79
2025-09-12 06:00:00+00:00,ERFT_A,0.0,18.6
2025-09-12 06:15:00+00:00,ERFT_A,0.0,19.39
2025-09-12 06:30:00+00:00,ERFT_A,0.06,19.24
2025-09-12 06:45:00+00:00,ERFT_A,0.35,19.49
2025-09-12 07:00:00+00:00,ERFT_A,0.0,19.29
2025-09-12 07:15:00+00:00,ERFT_A,0.0,18.54
2025-09-12 07:30:00+00:00,ERFT_A,0.04,18.61
2025-09-12 07:45:00+00:00,ERFT_A,0.17,19.23
2025-09-12 08:00:00+00:00,ERFT_A,0.02,19.7
2025-09-12 08:15:00+00:00,ERFT_A,0.4,18.05
2025-09-12 08:30:00+00:00,ERFT_A,0.42,19.3
2025-09-12 08:45:00+00:00,ERFT_A,0.06,19.69
2025-09-12 09:00:00+00:00,ERFT_A,0.81,18.99
2025-09-12 09:15:00+00:00,ERFT_A,0.1,19.32
2025-09-12 09:30:00+00:00,ERFT_A,0.4,18.66
2025-09-12 09:45:00+00:00,ERFT_A,0.16,18.92
2025-09-12 10:00:00+00:00,ERFT_A,0.16,18.14
2025-09-12 10:15:00+00:00,ERFT_A,0.0,17.74
2025-09-12 10:30:00+00:00,ERFT_A,0.0,19.35
2025-09-12 10:45:00+00:00,ERFT_A,0.03,18.36
2025-09-12 11:00:00+00:00,ERFT_A,0.41,18.59
2025-09-12 11:15:00+00:00,ERFT_A,0.17,18.09
2025-09-12 11:30:00+00:00,ERFT_A,0.03,18.04
2025-09-12 11:45:00+00:00,ERFT_A,0.24,18.63
2025-09-12 12:00:00+00:00,ERFT_A,0.4,18.31
2025-09-12 12:15:00+00:00,ERFT_A,0.08,18.83
2025-09-12 12:30:00+00:00,ERFT_A,0.13,18.83
2025-09-12 12:45:00+00:00,ERFT_A,0.1,18.73
2025-09-12 13:00:00+00:00,ERFT_A,0.07,18.65
2025-09-12 13:15:00+00:00,ERFT_A,0.0,19.29
2025-09-12 13:30:00+00:00,ERFT_A,0.0,17.93
2025-09-12 13:45:00+00:00,ERFT_A,0.24,18.39
2025-09-12 14:00:00+00:00,ERFT_A,0.41,18.95
2025-09-12 14:15:00+00:00,ERFT_A,0.03,18.98
2025-09-12 14:30:00+00:00,ERFT_A,0.02,17.6
2025-09-12 14:45:00+00:00,ERFT_A,0.0,18.11
2025-09-12 15:00:00+00:00,ERFT_A,0.52,18.91
2025-09-12 15:15:00+00:00,ERFT_A,0.0,18.44
2025-09-12 15:30:00+00:00,ERFT_A,1.09,18.24
2025-09-12 15:45:00+00:00,ERFT_A,0.0,18.0
2025-09-12 16:00:00+00:00,ERFT_A,0.0,17.87
2025-09-12 16:15:00+00:00,ERFT_A,0.11,18.17
2025-09-12 16:30:00+00:00,ERFT_A,0.3,17.86
2025-09-12 16:45:00+00:00,ERFT_A,0.26,17.92
2025-09-12 17:00:00+00:00,ERFT_A,0.34,17.94
2025-09-12 17:15:00+00:00,ERFT_A,0.0,17.52
2025-09-12 17:30:00+00:00,ERFT_A,0.51,18.08
2025-09-12 17:45:00+00:00,ERFT_A,0.54,19.22
2025-09-12 18:00:00+00:00,ERFT_A,0.56,16.84
2025-09-12 18:15:00+00:00,ERFT_A,0.14,17.84
2025-09-12 18:30:00+00:00,ERFT_A,0.01,17.25
2025-09-12 18:45:00+00:00,ERFT_A,0.0,17.88
2025-09-12 19:00:00+00:00,ERFT_A,0.0,17.57
2025-09-12 19:15:00+00:00,ERFT_A,0.0,17.88
2025-09-12 19:30:00+00:00,ERFT_A,0.0,18.04
2025-09-12 19:45:00+00:00,ERFT_A,0.0,17.5
2025-09-12 20:00:00+00:00,ERFT_A,0.14,17.93
2025-09-12 20:15:00+00:00,ERFT_A,0.03,16.14
2025-09-12 20:30:00+00:00,ERFT_A,0.13,18.06
2025-09-12 20:45:00+00:00,ERFT_A,0.27,17.41
2025-09-12 21:00:00+00:00,ERFT_A,0.18,17.71
2025-09-12 21:15:00+00:00,ERFT_A,0.15,16.51
2025-09-12 21:30:00+00:00,ERFT_A,0.07,16.66
2025-09-12 21:45:00+00:00,ERFT_A,0.0,17.1
2025-09-12 22:00:00+00:00,ERFT_A,0.0,16.97
2025-09-12 22:15:00+00:00,ERFT_A,0.0,17.07
2025-09-12 22:30:00+00:00,ERFT_A,0.07,17.42
2025-09-12 22:45:00+00:00,ERFT_A,0.09,15.95
2025-09-12 23:00:00+00:00,ERFT_A,0.34,17.27
2025-09-12 23:15:00+00:00,ERFT_A,0.05,16.74
2025-09-12 23:30:00+00:00,ERFT_A,0.22,16.58
2025-09-12 23:45:00+00:00,ERFT_A,0.0,15.9
2025-09-13 00:00:00+00:00,ERFT_A,0.14,16.83
2025-09-13 00:15:00+00:00,ERFT_A,0.13,15.32
2025-09-13 00:30:00+00:00,ERFT_A,0.51,16.8
2025-09-13 00:45:00+00:00,ERFT_A,0.03,15.68
2025-09-13 01:00:00+00:00,ERFT_A,0.03,16.4
2025-09-13 01:15:00+00:00,ERFT_A,0.27,16.27
2025-09-13 01:30:00+00:00,ERFT_A,0.0,16.86
2025-09-13 01:45:00+00:00,ERFT_A,0.14,16.13
2025-09-13 02:00:00+00:00,ERFT_A,0.0,15.82
2025-09-13 02:15:00+00:00,ERFT_A,0.74,15.86
2025-09-13 02:30:00+00:00,ERFT_A,0.0,16.7
2025-09-13 02:45:00+00:00,ERFT_A,0.0,16.28
2025-09-13 03:00:00+00:00,ERFT_A,0.0,15.77
2025-09-13 03:15:00+00:00,ERFT_A,0.14,15.79
2025-09-13 03:30:00+00:00,ERFT_A,0.21,15.07
2025-09-13 03:45:00+00:00,ERFT_A,0.48,15.99
2025-09-13 04:00:00+00:00,ERFT_A,0.0,14.86
2025-09-13 04:15:00+00:00,ERFT_A,0.29,16.07
2025-09-13 04:30:00+00:00,ERFT_A,0.0,15.7
2025-09-13 04:45:00+00:00,ERFT_A,0.0,16.78
2025-09-13 05:00:00+00:00,ERFT_A,0.0,14.98
2025-09-13 05:15:00+00:00,ERFT_A,0.0,15.42
2025-09-13 05:30:00+00:00,ERFT_A,0.27,16.32
2025-09-13 05:45:00+00:00,ERFT_A,0.0,15.96
2025-09-13 06:00:00+00:00,ERFT_A,0.0,14.96
2025-09-13 06:15:00+00:00,ERFT_A,0.15,15.37
2025-09-13 06:30:00+00:00,ERFT_A,0.2,15.2
2025-09-13 06:45:00+00:00,ERFT_A,0.01,15.29
2025-09-13 07:00:00+00:00,ERFT_A,0.0,14.74
2025-09-13 07:15:00+00:00,ERFT_A,0.63,14.99
2025-09-13 07:30:00+00:00,ERFT_A,0.01,14.18
2025-09-13 07:45:00+00:00,ERFT_A,0.02,14.99
2025-09-13 08:00:00+00:00,ERFT_A,0.04,15.09
2025-09-13 08:15:00+00:00,ERFT_A,0.23,14.7
2025-09-13 08:30:00+00:00,ERFT_A,0.0,13.95
2025-09-13 08:45:00+00:00,ERFT_A,0.87,15.19
2025-09-13 09:00:00+00:00,ERFT_A,0.02,14.83
2025-09-13 09:15:00+00:00,ERFT_A,0.24,14.23
2025-09-13 09:30:00+00:00,ERFT_A,0.0,14.39
2025-09-13 09:45:00+00:00,ERFT_A,0.12,13.73
2025-09-13 10:00:00+00:00,ERFT_A,0.75,13.91
2025-09-13 10:15:00+00:00,ERFT_A,0.66,14.1
2025-09-13 10:30:00+00:00,ERFT_A,0.23,14.92
2025-09-13 10:45:00+00:00,ERFT_A,0.0,13.93
2025-09-13 11:00:00+00:00,ERFT_A,0.46,14.52
2025-09-13 11:15:00+00:00,ERFT_A,0.0,13.87
2025-09-13 11:30:00+00:00,ERFT_A,0.0,14.21
2025-09-13 11:45:00+00:00,ERFT_A,0.07,13.96
2025-09-13 12:00:00+00:00,ERFT_A,0.0,14.41
2025-09-13 12:15:00+00:00,ERFT_A,0.0,13.65
2025-09-13 12:30:00+00:00,ERFT_A,0.3,13.07
2025-09-13 12:45:00+00:00,ERFT_A,0.0,13.11
2025-09-13 13:00:00+00:00,ERFT_A,0.31,13.48
2025-09-13 13:15:00+00:00,ERFT_A,1.07,13.07
2025-09-13 13:30:00+00:00,ERFT_A,0.18,13.84
2025-09-13 13:45:00+00:00,ERFT_A,0.31,13.35
2025-09-13 14:00:00+00:00,ERFT_A,0.47,14.71
2025-09-13 14:15:00+00:00,ERFT_A,0.0,12.6
2025-09-13 14:30:00+00:00,ERFT_A,0.3,13.51
2025-09-13 14:45:00+00:00,ERFT_A,0.0,12.79
2025-09-13 15:00:00+00:00,ERFT_A,0.16,13.05
2025-09-13 15:15:00+00:00,ERFT_A,0.36,13.31
2025-09-13 15:30:00+00:00,ERFT_A,0.0,12.03
2025-09-13 15:45:00+00:00,ERFT_A,0.0,13.25
2025-09-13 16:00:00+00:00,ERFT_A,0.0,14.03
2025-09-13 16:15:00+00:00,ERFT_A,0.42,12.79
2025-09-13 16:30:00+00:00,ERFT_A,0.0,13.1
2025-09-13 16:45:00+00:00,ERFT_A,0.39,13.42
2025-09-13 17:00:00+00:00,ERFT_A,0.0,12.77
2025-09-13 17:15:00+00:00,ERFT_A,0.04,12.51
2025-09-13 17:30:00+00:00,ERFT_A,0.08,11.61
2025-09-13 17:45:00+00:00,ERFT_A,0.0,13.01
2025-09-13 18:00:00+00:00,ERFT_A,0.04,12.58
2025-09-13 18:15:00+00:00,ERFT_A,0.0,12.07
2025-09-13 18:30:00+00:00,ERFT_A,0.02,12.59
2025-09-13 18:45:00+00:00,ERFT_A,0.06,12.18
2025-09-13 19:00:00+00:00,ERFT_A,0.0,12.15
2025-09-13 19:15:00+00:00,ERFT_A,0.0,12.67
2025-09-13 19:30:00+00:00,ERFT_A,0.15,11.64
2025-09-13 19:45:00+00:00,ERFT_A,0.0,12.78
2025-09-13 20:00:00+00:00,ERFT_A,0.19,11.5
2025-09-13 20:15:00+00:00,ERFT_A,0.22,11.82
2025-09-13 20:30:00+00:00,ERFT_A,0.15,13.06
2025-09-13 20:45:00+00:00,ERFT_A,0.29,12.61
2025-09-13 21:00:00+00:00,ERFT_A,0.0,12.04
2025-09-13 21:15:00+00:00,ERFT_A,0.37,11.47
2025-09-13 21:30:00+00:00,ERFT_A,0.0,11.62
2025-09-13 21:45:00+00:00,ERFT_A,0.11,11.87
2025-09-13 22:00:00+00:00,ERFT_A,0.73,11.8
2025-09-13 22:15:00+00:00,ERFT_A,0.01,11.68
2025-09-13 22:30:00+00:00,ERFT_A,0.09,11.66
2025-09-13 22:45:00+00:00,ERFT_A,0.0,11.52
2025-09-13 23:00:00+00:00,ERFT_A,0.72,10.85
2025-09-13 23:15:00+00:00,ERFT_A,0.0,11.26
2025-09-13 23:30:00+00:00,ERFT_A,0.25,11.93
2025-09-13 23:45:00+00:00,ERFT_A,0.47,10.73
2025-09-14 00:00:00+00:00,ERFT_A,0.28,11.27
2025-09-14 00:15:00+00:00,ERFT_A,0.16,10.91
2025-09-14 00:30:00+00:00,ERFT_A,0.1,11.32
2025-09-14 00:45:00+00:00,ERFT_A,0.0,11.02
2025-09-14 01:00:00+00:00,ERFT_A,0.69,11.91
2025-09-14 01:15:00+00:00,ERFT_A,0.14,11.37
2025-09-14 01:30:00+00:00,ERFT_A,0.09,10.41
2025-09-14 01:45:00+00:00,ERFT_A,0.0,11.36
2025-09-14 02:00:00+00:00,ERFT_A,0.1,10.58
2025-09-14 02:15:00+00:00,ERFT_A,0.07,10.63
2025-09-14 02:30:00+00:00,ERFT_A,0.73,11.03
2025-09-14 02:45:00+00:00,ERFT_A,0.09,10.58
2025-09-14 03:00:00+00:00,ERFT_A,0.09,11.23
2025-09-14 03:15:00+00:00,ERFT_A,0.0,10.35
2025-09-14 03:30:00+00:00,ERFT_A,0.0,10.38
2025-09-14 03:45:00+00:00,ERFT_A,0.21,10.31
2025-09-14 04:00:00+00:00,ERFT_A,0.0,10.31
2025-09-14 04:15:00+00:00,ERFT_A,0.37,11.1
2025-09-14 04:30:00+00:00,ERFT_A,0.38,10.82
2025-09-14 04:45:00+00:00,ERFT_A,0.0,11.31
2025-09-14 05:00:00+00:00,ERFT_A,0.17,11.54
2025-09-14 05:15:00+00:00,ERFT_A,0.49,9.85
2025-09-14 05:30:00+00:00,ERFT_A,0.06,10.36
2025-09-14 05:45:00+00:00,ERFT_A,0.02,9.69
2025-09-14 06:00:00+00:00,ERFT_A,0.04,9.84
2025-09-14 06:15:00+00:00,ERFT_A,0.14,9.87
2025-09-14 06:30:00+00:00,ERFT_A,0.0,9.62
2025-09-14 06:45:00+00:00,ERFT_A,0.01,9.58
2025-09-14 07:00:00+00:00,ERFT_A,0.15,9.99
2025-09-14 07:15:00+00:00,ERFT_A,0.0,9.41
2025-09-14 07:30:00+00:00,ERFT_A,0.0,10.4
2025-09-14 07:45:00+00:00,ERFT_A,0.09,9.48
2025-09-14 08:00:00+00:00,ERFT_A,0.46,11.3
2025-09-14 08:15:00+00:00,ERFT_A,0.18,9.63
2025-09-14 08:30:00+00:00,ERFT_A,0.0,9.85
2025-09-14 08:45:00+00:00,ERFT_A,0.0,9.12
2025-09-14 09:00:00+00:00,ERFT_A,0.02,10.59
2025-09-14 09:15:00+00:00,ERFT_A,0.75,10.25
2025-09-14 09:30:00+00:00,ERFT_A,0.78,9.8
2025-09-14 09:45:00+00:00,ERFT_A,0.7,8.94
2025-09-14 10:00:00+00:00,ERFT_A,0.11,9.68
2025-09-14 10:15:00+00:00,ERFT_A,1.66,8.98
2025-09-14 10:30:00+00:00,ERFT_A,0.0,10.23
2025-09-14 10:45:00+00:00,ERFT_A,0.01,9.87
2025-09-14 11:00:00+00:00,ERFT_A,0.34,9.48
2025-09-14 11:15:00+00:00,ERFT_A,0.15,8.17
2025-09-14 11:30:00+00:00,ERFT_A,0.16,8.87
2025-09-14 11:45:00+00:00,ERFT_A,0.0,9.67
2025-09-14 12:00:00+00:00,ERFT_A,0.07,9.89
2025-09-14 12:15:00+00:00,ERFT_A,0.0,9.81
2025-09-14 12:30:00+00:00,ERFT_A,0.0,8.42
2025-09-14 12:45:00+00:00,ERFT_A,0.0,9.33
2025-09-14 13:00:00+00:00,ERFT_A,0.15,9.66
2025-09-14 13:15:00+00:00,ERFT_A,0.28,8.29
2025-09-14 13:30:00+00:00,ERFT_A,0.0,9.08
2025-09-14 13:45:00+00:00,ERFT_A,0.08,9.19
2025-09-14 14:00:00+00:00,ERFT_A,0.06,8.87
2025-09-14 14:15:00+00:00,ERFT_A,0.14,8.06
2025-09-14 14:30:00+00:00,ERFT_A,0.0,8.8
2025-09-14 14:45:00+00:00,ERFT_A,0.0,8.77
2025-09-14 15:00:00+00:00,ERFT_A,0.47,8.83
2025-09-14 15:15:00+00:00,ERFT_A,0.0,8.59
2025-09-14 15:30:00+00:00,ERFT_A,0.01,8.62
2025-09-14 15:45:00+00:00,ERFT_A,0.02,8.79
2025-09-14 16:00:00+00:00,ERFT_A,0.0,9.01
2025-09-14 16:15:00+00:00,ERFT_A,0.2,8.61
2025-09-14 16:30:00+00:00,ERFT_A,0.18,8.53
2025-09-14 16:45:00+00:00,ERFT_A,0.05,8.75
2025-09-14 17:00:00+00:00,ERFT_A,0.0,7.72
2025-09-14 17:15:00+00:00,ERFT_A,0.04,8.89
2025-09-14 17:30:00+00:00,ERFT_A,0.1,8.63
2025-09-14 17:45:00+00:00,ERFT_A,0.0,8.62
2025-09-14 18:00:00+00:00,ERFT_A,0.23,9.06
2025-09-14 18:15:00+00:00,ERFT_A,0.37,7.58
2025-09-14 18:30:00+00:00,ERFT_A,0.55,7.54
2025-09-14 18:45:00+00:00,ERFT_A,0.52,8.64
2025-09-14 19:00:00+00:00,ERFT_A,0.02,8.48
2025-09-14 19:15:00+00:00,ERFT_A,0.11,8.55
2025-09-14 19:30:00+00:00,ERFT_A,0.05,8.21
2025-09-14 19:45:00+00:00,ERFT_A,0.05,8.75
2025-09-14 20:00:00+00:00,ERFT_A,0.04,8.87
2025-09-14 20:15:00+00:00,ERFT_A,0.08,8.62
2025-09-14 20:30:00+00:00,ERFT_A,0.44,8.23
2025-09-14 20:45:00+00:00,ERFT_A,0.16,7.29
2025-09-14 21:00:00+00:00,ERFT_A,0.0,8.71
2025-09-14 21:15:00+00:00,ERFT_A,0.35,8.92
2025-09-14 21:30:00+00:00,ERFT_A,0.13,8.61
2025-09-14 21:45:00+00:00,ERFT_A,0.21,7.83
2025-09-14 22:00:00+00:00,ERFT_A,0.15,8.59
2025-09-14 22:15:00+00:00,ERFT_A,0.16,8.67
2025-09-14 22:30:00+00:00,ERFT_A,0.18,9.0
2025-09-14 22:45:00+00:00,ERFT_A,0.0,7.77
2025-09-14 23:00:00+00:00,ERFT_A,0.2,8.08
2025-09-14 23:15:00+00:00,ERFT_A,0.0,8.55
2025-09-14 23:30:00+00:00,ERFT_A,0.0,8.2
2025-09-14 23:45:00+00:00,ERFT_A,0.08,7.6
2025-09-15 00:00:00+00:00,ERFT_A,0.64,8.35
2025-09-15 00:15:00+00:00,ERFT_A,0.0,8.42
2025-09-15 00:30:00+00:00,ERFT_A,0.08,8.16
2025-09-15 00:45:00+00:00,ERFT_A,0.03,8.22
2025-09-15 01:00:00+00:00,ERFT_A,0.35,7.97
2025-09-15 01:15:00+00:00,ERFT_A,0.03,8.83
2025-09-15 01:30:00+00:00,ERFT_A,0.13,7.63
2025-09-15 01:45:00+00:00,ERFT_A,0.0,7.78
2025-09-15 02:00:00+00:00,ERFT_A,0.41,8.07
2025-09-15 02:15:00+00:00,ERFT_A,0.0,8.49
2025-09-15 02:30:00+00:00,ERFT_A,0.2,7.3
2025-09-15 02:45:00+00:00,ERFT_A,0.14,7.38
2025-09-15 03:00:00+00:00,ERFT_A,0.17,7.01
2025-09-15 03:15:00+00:00,ERFT_A,0.0,8.04
2025-09-15 03:30:00+00:00,ERFT_A,0.02,7.46
2025-09-15 03:45:00+00:00,ERFT_A,0.33,7.83
2025-09-15 04:00:00+00:00,ERFT_A,0.73,8.34
2025-09-15 04:15:00+00:00,ERFT_A,0.06,7.69
2025-09-15 04:30:00+00:00,ERFT_A,0.29,8.12
2025-09-15 04:45:00+00:00,ERFT_A,0.11,7.86
2025-09-15 05:00:00+00:00,ERFT_A,0.07,8.34
2025-09-15 05:15:00+00:00,ERFT_A,0.0,8.24
2025-09-15 05:30:00+00:00,ERFT_A,0.08,7.65
2025-09-15 05:45:00+00:00,ERFT_A,0.26,7.92
2025-09-15 06:00:00+00:00,ERFT_A,0.29,8.52
2025-09-15 06:15:00+00:00,ERFT_A,0.0,8.2
2025-09-15 06:30:00+00:00,ERFT_A,0.0,7.3
2025-09-15 06:45:00+00:00,ERFT_A,0.0,8.33
2025-09-15 07:00:00+00:00,ERFT_A,0.09,7.46
2025-09-15 07:15:00+00:00,ERFT_A,0.02,8.71
2025-09-15 07:30:00+00:00,ERFT_A,0.16,8.52
2025-09-15 07:45:00+00:00,ERFT_A,0.18,8.16
2025-09-15 08:00:00+00:00,ERFT_A,0.0,8.1
2025-09-15 08:15:00+00:00,ERFT_A,0.08,7.92
2025-09-15 08:30:00+00:00,ERFT_A,0.45,8.37
2025-09-15 08:45:00+00:00,ERFT_A,0.0,7.85
2025-09-15 09:00:00+00:00,ERFT_A,0.0,8.16
2025-09-15 09:15:00+00:00,ERFT_A,0.37,8.49
2025-09-15 09:30:00+00:00,ERFT_A,0.3,7.78
2025-09-15 09:45:00+00:00,ERFT_A,0.0,7.76
2025-09-15 10:00:00+00:00,ERFT_A,0.27,7.48
2025-09-15 10:15:00+00:00,ERFT_A,0.0,7.55
2025-09-15 10:30:00+00:00,ERFT_A,0.0,7.18
2025-09-15 10:45:00+00:00,ERFT_A,0.0,8.47
2025-09-15 11:00:00+00:00,ERFT_A,0.0,9.02
2025-09-15 11:15:00+00:00,ERFT_A,0.11,8.84
2025-09-15 11:30:00+00:00,ERFT_A,0.0,7.32
2025-09-15 11:45:00+00:00,ERFT_A,0.12,8.51
2025-09-15 12:00:00+00:00,ERFT_A,0.11,8.87
2025-09-15 12:15:00+00:00,ERFT_A,0.05,7.95
2025-09-15 12:30:00+00:00,ERFT_A,0.0,8.24
2025-09-15 12:45:00+00:00,ERFT_A,0.0,7.2
2025-09-15 13:00:00+00:00,ERFT_A,0.0,8.35
2025-09-15 13:15:00+00:00,ERFT_A,0.56,7.7
2025-09-15 13:30:00+00:00,ERFT_A,0.04,8.35
2025-09-15 13:45:00+00:00,ERFT_A,0.04,7.48
2025-09-15 14:00:00+00:00,ERFT_A,0.0,8.55
2025-09-15 14:15:00+00:00,ERFT_A,0.5,8.81
2025-09-15 14:30:00+00:00,ERFT_A,0.0,7.92
2025-09-15 14:45:00+00:00,ERFT_A,0.14,7.76
2025-09-15 15:00:00+00:00,ERFT_A,0.19,7.27
2025-09-15 15:15:00+00:00,ERFT_A,0.11,8.24
2025-09-15 15:30:00+00:00,ERFT_A,0.0,8.1
2025-09-15 15:45:00+00:00,ERFT_A,0.25,7.64
2025-09-15 16:00:00+00:00,ERFT_A,0.0,8.66
2025-09-15 16:15:00+00:00,ERFT_A,0.3,8.23
2025-09-15 16:30:00+00:00,ERFT_A,0.07,7.94
2025-09-15 16:45:00+00:00,ERFT_A,0.21,8.22
2025-09-15 17:00:00+00:00,ERFT_A,0.47,9.05
2025-09-15 17:15:00+00:00,ERFT_A,0.24,8.84
2025-09-15 17:30:00+00:00,ERFT_A,0.21,8.5
2025-09-15 17:45:00+00:00,ERFT_A,0.27,8.9
2025-09-15 18:00:00+00:00,ERFT_A,0.0,8.03
2025-09-15 18:15:00+00:00,ERFT_A,0.32,8.66
2025-09-15 18:30:00+00:00,ERFT_A,0.03,8.74
2025-09-15 18:45:00+00:00,ERFT_A,0.04,8.46
2025-09-15 19:00:00+00:00,ERFT_A,0.1,8.93
2025-09-15 19:15:00+00:00,ERFT_A,0.01,8.35
2025-09-15 19:30:00+00:00,ERFT_A,0.0,9.03
2025-09-15 19:45:00+00:00,ERFT_A,0.08,9.08
2025-09-15 20:00:00+00:00,ERFT_A,0.04,7.37
2025-09-15 20:15:00+00:00,ERFT_A,0.03,9.45
2025-09-15 20:30:00+00:00,ERFT_A,0.06,7.36
2025-09-15 20:45:00+00:00,ERFT_A,0.03,8.61
2025-09-15 21:00:00+00:00,ERFT_A,0.53,9.46
2025-09-15 21:15:00+00:00,ERFT_A,0.49,8.82
2025-09-15 21:30:00+00:00,ERFT_A,0.09,8.27
2025-09-15 21:45:00+00:00,ERFT_A,0.08,8.49
2025-09-15 22:00:00+00:00,ERFT_A,0.0,9.58
2025-09-15 22:15:00+00:00,ERFT_A,0.0,8.14
2025-09-15 22:30:00+00:00,ERFT_A,0.27,9.7
2025-09-15 22:45:00+00:00,ERFT_A,0.01,9.14
2025-09-15 23:00:00+00:00,ERFT_A,0.38,8.6
2025-09-15 23:15:00+00:00,ERFT_A,0.36,8.94
2025-09-15 23:30:00+00:00,ERFT_A,0.0,8.76
2025-09-15 23:45:00+00:00,ERFT_A,0.11,9.74
2025-09-16 00:00:00+00:00,ERFT_A,0.57,9.71
2025-09-16 00:15:00+00:00,ERFT_A,0.0,8.52
2025-09-16 00:30:00+00:00,ERFT_A,0.01,9.21
2025-09-16 00:45:00+00:00,ERFT_A,0.0,9.02
2025-09-16 01:00:00+00:00,ERFT_A,0.0,10.13
2025-09-16 01:15:00+00:00,ERFT_A,0.73,8.85
2025-09-16 01:30:00+00:00,ERFT_A,0.01,10.36
2025-09-16 01:45:00+00:00,ERFT_A,0.0,9.58
2025-09-16 02:00:00+00:00,ERFT_A,0.0,9.05
2025-09-16 02:15:00+00:00,ERFT_A,0.0,9.34
2025-09-16 02:30:00+00:00,ERFT_A,0.12,9.31
2025-09-16 02:45:00+00:00,ERFT_A,0.19,9.12
2025-09-16 03:00:00+00:00,ERFT_A,0.32,9.84
2025-09-16 03:15:00+00:00,ERFT_A,0.25,9.22
2025-09-16 03:30:00+00:00,ERFT_A,0.0,8.78
2025-09-16 03:45:00+00:00,ERFT_A,0.17,9.72
2025-09-16 04:00:00+00:00,ERFT_A,0.05,9.05
2025-09-16 04:15:00+00:00,ERFT_A,0.38,9.62
2025-09-16 04:30:00+00:00,ERFT_A,0.29,9.58
2025-09-16 04:45:00+00:00,ERFT_A,0.81,9.65
2025-09-16 05:00:00+00:00,ERFT_A,0.0,11.12
2025-09-16 05:15:00+00:00,ERFT_A,0.0,10.2
2025-09-16 05:30:00+00:00,ERFT_A,0.0,10.33
2025-09-16 05:45:00+00:00,ERFT_A,0.06,9.37
2025-09-16 06:00:00+00:00,ERFT_A,0.0,9.97
2025-09-16 06:15:00+00:00,ERFT_A,0.0,10.45
2025-09-16 06:30:00+00:00,ERFT_A,0.15,9.88
2025-09-16 06:45:00+00:00,ERFT_A,0.0,10.89
2025-09-16 07:00:00+00:00,ERFT_A,0.0,9.88
2025-09-16 07:15:00+00:00,ERFT_A,0.0,10.38
2025-09-16 07:30:00+00:00,ERFT_A,0.0,10.28
2025-09-16 07:45:00+00:00,ERFT_A,0.5,10.7
2025-09-16 08:00:00+00:00,ERFT_A,0.49,10.34
2025-09-16 08:15:00+00:00,ERFT_A,0.3,10.57
2025-09-16 08:30:00+00:00,ERFT_A,0.22,10.64
2025-09-16 08:45:00+00:00,ERFT_A,0.0,10.44
2025-09-16 09:00:00+00:00,ERFT_A,0.23,11.09
2025-09-16 09:15:00+00:00,ERFT_A,0.0,11.02
2025-09-16 09:30:00+00:00,ERFT_A,0.1,10.9
2025-09-16 09:45:00+00:00,ERFT_A,0.0,10.78
2025-09-16 10:00:00+00:00,ERFT_A,0.23,11.44
2025-09-16 10:15:00+00:00,ERFT_A,0.6,10.98
2025-09-16 10:30:00+00:00,ERFT_A,0.0,10.99
2025-09-16 10:45:00+00:00,ERFT_A,0.0,11.24
2025-09-16 11:00:00+00:00,ERFT_A,0.1,12.09
2025-09-16 11:15:00+00:00,ERFT_A,0.0,10.62
2025-09-16 11:30:00+00:00,ERFT_A,0.0,11.73
2025-09-16 11:45:00+00:00,ERFT_A,0.59,10.45
2025-09-16 12:00:00+00:00,ERFT_A,0.15,11.55
2025-09-16 12:15:00+00:00,ERFT_A,0.0,12.28
2025-09-16 12:30:00+00:00,ERFT_A,0.08,11.79
2025-09-16 12:45:00+00:00,ERFT_A,0.0,11.68
2025-09-16 13:00:00+00:00,ERFT_A,0.11,11.37
2025-09-16 13:15:00+00:00,ERFT_A,0.0,11.72
2025-09-16 13:30:00+00:00,ERFT_A,0.06,11.63
2025-09-16 13:45:00+00:00,ERFT_A,0.26,11.41
2025-09-16 14:00:00+00:00,ERFT_A,0.24,11.71
2025-09-16 14:15:00+00:00,ERFT_A,0.56,12.01
2025-09-16 14:30:00+00:00,ERFT_A,0.17,11.58
2025-09-16 14:45:00+00:00,ERFT_A,0.09,11.61
2025-09-16 15:00:00+00:00,ERFT_A,0.64,11.39
2025-09-16 15:15:00+00:00,ERFT_A,0.04,12.32
2025-09-16 15:30:00+00:00,ERFT_A,0.0,12.45
2025-09-16 15:45:00+00:00,ERFT_A,0.3,12.34
2025-09-16 16:00:00+00:00,ERFT_A,0.14,12.77
2025-09-16 16:15:00+00:00,ERFT_A,0.08,12.38
2025-09-16 16:30:00+00:00,ERFT_A,0.31,12.59
2025-09-16 16:45:00+00:00,ERFT_A,0.0,12.6
2025-09-16 17:00:00+00:00,ERFT_A,0.0,12.45
2025-09-16 17:15:00+00:00,ERFT_A,0.32,12.29
2025-09-16 17:30:00+00:00,ERFT_A,0.0,13.72
2025-09-16 17:45:00+00:00,ERFT_A,0.0,12.44
2025-09-16 18:00:00+00:00,ERFT_A,0.29,12.38
2025-09-16 18:15:00+00:00,ERFT_A,0.46,12.99
2025-09-16 18:30:00+00:00,ERFT_A,0.02,12.95
2025-09-16 18:45:00+00:00,ERFT_A,0.3,12.18
2025-09-16 19:00:00+00:00,ERFT_A,0.18,13.5
2025-09-16 19:15:00+00:00,ERFT_A,0.75,12.95
2025-09-16 19:30:00+00:00,ERFT_A,0.17,12.49
2025-09-16 19:45:00+00:00,ERFT_A,0.45,13.7
2025-09-16 20:00:00+00:00,ERFT_A,0.0,13.47
2025-09-16 20:15:00+00:00,ERFT_A,0.0,12.58
2025-09-16 20:30:00+00:00,ERFT_A,0.36,14.16
2025-09-16 20:45:00+00:00,ERFT_A,0.0,13.66
2025-09-16 21:00:00+00:00,ERFT_A,0.28,13.38
2025-09-16 21:15:00+00:00,ERFT_A,0.0,14.23
2025-09-16 21:30:00+00:00,ERFT_A,0.15,13.57
2025-09-16 21:45:00+00:00,ERFT_A,0.76,13.54
2025-09-16 22:00:00+00:00,ERFT_A,0.26,13.28
2025-09-16 22:15:00+00:00,ERFT_A,0.04,13.95
2025-09-16 22:30:00+00:00,ERFT_A,0.19,13.96
2025-09-16 22:45:00+00:00,ERFT_A,0.0,13.78
2025-09-16 23:00:00+00:00,ERFT_A,1.02,13.44
2025-09-16 23:15:00+00:00,ERFT_A,0.0,13.95
2025-09-16 23:30:00+00:00,ERFT_A,0.06,13.91
2025-09-16 23:45:00+00:00,ERFT_A,0.23,13.33
2025-09-10 00:00:00+00:00,ERFT_B,0.0,13.24
2025-09-10 00:15:00+00:00,ERFT_B,0.0,13.43
2025-09-10 00:30:00+00:00,ERFT_B,0.0,14.47
2025-09-10 00:45:00+00:00,ERFT_B,0.01,15.0
2025-09-10 01:00:00+00:00,ERFT_B,0.28,14.47
2025-09-10 01:15:00+00:00,ERFT_B,0.37,14.26
2025-09-10 01:30:00+00:00,ERFT_B,0.15,13.24
2025-09-10 01:45:00+00:00,ERFT_B,0.26,13.38
2025-09-10 02:00:00+00:00,ERFT_B,0.0,14.51
2025-09-10 02:15:00+00:00,ERFT_B,0.0,14.33
2025-09-10 02:30:00+00:00,ERFT_B,0.21,14.01
2025-09-10 02:45:00+00:00,ERFT_B,0.0,14.65
2025-09-10 03:00:00+00:00,ERFT_B,0.0,14.73
2025-09-10 03:15:00+00:00,ERFT_B,0.1,15.2
2025-09-10 03:30:00+00:00,ERFT_B,0.0,14.85
2025-09-10 03:45:00+00:00,ERFT_B,0.0,15.45
2025-09-10 04:00:00+00:00,ERFT_B,0.0,14.9
2025-09-10 04:15:00+00:00,ERFT_B,0.15,14.89
2025-09-10 04:30:00+00:00,ERFT_B,0.02,15.54
2025-09-10 04:45:00+00:00,ERFT_B,0.36,14.57
2025-09-10 05:00:00+00:00,ERFT_B,0.22,16.52
2025-09-10 05:15:00+00:00,ERFT_B,0.02,15.36
2025-09-10 05:30:00+00:00,ERFT_B,0.0,15.42
2025-09-10 05:45:00+00:00,ERFT_B,0.1,15.54
2025-09-10 06:00:00+00:00,ERFT_B,0.08,16.28
2025-09-10 06:15:00+00:00,ERFT_B,0.0,15.79
2025-09-10 06:30:00+00:00,ERFT_B,0.18,14.64
2025-09-10 06:45:00+00:00,ERFT_B,0.0,16.2
2025-09-10 07:00:00+00:00,ERFT_B,0.38,15.38
2025-09-10 07:15:00+00:00,ERFT_B,0.06,15.66
2025-09-10 07:30:00+00:00,ERFT_B,0.0,15.02
2025-09-10 07:45:00+00:00,ERFT_B,0.13,15.98
2025-09-10 08:00:00+00:00,ERFT_B,0.11,15.45
2025-09-10 08:15:00+00:00,ERFT_B,0.1,15.87
2025-09-10 08:30:00+00:00,ERFT_B,0.33,15.74
2025-09-10 08:45:00+00:00,ERFT_B,0.14,16.89
2025-09-10 09:00:00+00:00,ERFT_B,0.0,16.98
2025-09-10 09:15:00+00:00,ERFT_B,0.03,16.06
2025-09-10 09:30:00+00:00,ERFT_B,0.54,16.12
2025-09-10 09:45:00+00:00,ERFT_B,0.0,15.96
2025-09-10 10:00:00+00:00,ERFT_B,0.18,16.75
2025-09-10 10:15:00+00:00,ERFT_B,0.34,16.08
2025-09-10 10:30:00+00:00,ERFT_B,0.21,16.09
2025-09-10 10:45:00+00:00,ERFT_B,0.1,16.84
2025-09-10 11:00:00+00:00,ERFT_B,0.13,16.13
2025-09-10 11:15:00+00:00,ERFT_B,0.22,16.44
2025-09-10 11:30:00+00:00,ERFT_B,0.0,15.71
2025-09-10 11:45:00+00:00,ERFT_B,0.08,16.91
2025-09-10 12:00:00+00:00,ERFT_B,0.96,17.58
2025-09-10 12:15:00+00:00,ERFT_B,0.19,17.02
2025-09-10 12:30:00+00:00,ERFT_B,0.11,17.44
2025-09-10 12:45:00+00:00,ERFT_B,0.01,16.33
2025-09-10 13:00:00+00:00,ERFT_B,0.0,16.93
2025-09-10 13:15:00+00:00,ERFT_B,0.14,16.39
2025-09-10 13:30:00+00:00,ERFT_B,0.16,16.79
2025-09-10 13:45:00+00:00,ERFT_B,0.06,17.34
2025-09-10 14:00:00+00:00,ERFT_B,1.29,17.05
2025-09-10 14:15:00+00:00,ERFT_B,0.0,16.35
2025-09-10 14:30:00+00:00,ERFT_B,0.0,16.44
2025-09-10 14:45:00+00:00,ERFT_B,0.01,16.46
2025-09-10 15:00:00+00:00,ERFT_B,0.07,17.44
2025-09-10 15:15:00+00:00,ERFT_B,0.0,18.28
2025-09-10 15:30:00+00:00,ERFT_B,0.14,17.97
2025-09-10 15:45:00+00:00,ERFT_B,0.16,16.39
2025-09-10 16:00:00+00:00,ERFT_B,0.26,18.09
2025-09-10 16:15:00+00:00,ERFT_B,0.0,17.9
2025-09-10 16:30:00+00:00,ERFT_B,0.49,16.7
2025-09-10 16:45:00+00:00,ERFT_B,0.24,17.37
2025-09-10 17:00:00+00:00,ERFT_B,0.0,18.12
2025-09-10 17:15:00+00:00,ERFT_B,0.0,17.89
2025-09-10 17:30:00+00:00,ERFT_B,0.02,17.0
2025-09-10 17:45:00+00:00,ERFT_B,0.16,18.01
2025-09-10 18:00:00+00:00,ERFT_B,0.2,16.68
2025-09-10 18:15:00+00:00,ERFT_B,0.24,17.68
2025-09-10 18:30:00+00:00,ERFT_B,0.91,18.4
2025-09-10 18:45:00+00:00,ERFT_B,0.0,17.89
2025-09-10 19:00:00+00:00,ERFT_B,0.06,17.67
2025-09-10 19:15:00+00:00,ERFT_B,0.84,18.41
2025-09-10 19:30:00+00:00,ERFT_B,0.28,18.49
2025-09-10 19:45:00+00:00,ERFT_B,0.0,18.7
2025-09-10 20:00:00+00:00,ERFT_B,0.12,18.52
2025-09-10 20:15:00+00:00,ERFT_B,0.05,18.67
2025-09-10 20:30:00+00:00,ERFT_B,0.04,18.53
2025-09-10 20:45:00+00:00,ERFT_B,0.0,18.34
2025-09-10 21:00:00+00:00,ERFT_B,0.1,18.29
2025-09-10 21:15:00+00:00,ERFT_B,0.4,18.17
2025-09-10 21:30:00+00:00,ERFT_B,0.0,17.72
2025-09-10 21:45:00+00:00,ERFT_B,0.24,17.89
2025-09-10 22:00:00+00:00,ERFT_B,0.3,18.26
2025-09-10 22:15:00+00:00,ERFT_B,0.49,18.56
2025-09-10 22:30:00+00:00,ERFT_B,0.0,19.2
2025-09-10 22:45:00+00:00,ERFT_B,0.09,18.5
2025-09-10 23:00:00+00:00,ERFT_B,0.0,19.05
2025-09-10 23:15:00+00:00,ERFT_B,0.1,19.13
2025-09-10 23:30:00+00:00,ERFT_B,0.1,18.51
2025-09-10 23:45:00+00:00,ERFT_B,0.0,18.96
2025-09-11 00:00:00+00:00,ERFT_B,0.12,18.57
2025-09-11 00:15:00+00:00,ERFT_B,0.95,19.39
2025-09-11 00:30:00+00:00,ERFT_B,0.2,19.08
2025-09-11 00:45:00+00:00,ERFT_B,0.0,18.2
2025-09-11 01:00:00+00:00,ERFT_B,0.0,18.91
2025-09-11 01:15:00+00:00,ERFT_B,0.07,19.69
2025-09-11 01:30:00+00:00,ERFT_B,0.0,18.81
2025-09-11 01:45:00+00:00,ERFT_B,0.46,19.15
2025-09-11 02:00:00+00:00,ERFT_B,0.0,19.24
2025-09-11 02:15:00+00:00,ERFT_B,0.21,18.48
2025-09-11 02:30:00+00:00,ERFT_B,0.0,19.28
2025-09-11 02:45:00+00:00,ERFT_B,0.07,18.36
2025-09-11 03:00:00+00:00,ERFT_B,0.0,18.77
2025-09-11 03:15:00+00:00,ERFT_B,0.26,19.65
2025-09-11 03:30:00+00:00,ERFT_B,0.39,19.32
2025-09-11 03:45:00+00:00,ERFT_B,0.16,19.02
2025-09-11 04:00:00+00:00,ERFT_B,0.4,19.42
2025-09-11 04:15:00+00:00,ERFT_B,0.0,19.2
2025-09-11 04:30:00+00:00,ERFT_B,0.11,19.26
2025-09-11 04:45:00+00:00,ERFT_B,0.2,19.61
2025-09-11 05:00:00+00:00,ERFT_B,0.24,18.95
2025-09-11 05:15:00+00:00,ERFT_B,0.19,19.36
2025-09-11 05:30:00+00:00,ERFT_B,0.25,19.2
2025-09-11 05:45:00+00:00,ERFT_B,0.11,18.59
2025-09-11 06:00:00+00:00,ERFT_B,0.0,18.95
2025-09-11 06:15:00+00:00,ERFT_B,0.0,20.22
2025-09-11 06:30:00+00:00,ERFT_B,0.46,19.65
2025-09-11 06:45:00+00:00,ERFT_B,0.41,18.82
2025-09-11 07:00:00+00:00,ERFT_B,0.2,18.73
2025-09-11 07:15:00+00:00,ERFT_B,0.27,19.47
2025-09-11 07:30:00+00:00,ERFT_B,0.36,20.33
2025-09-11 07:45:00+00:00,ERFT_B,0.19,19.48
2025-09-11 08:00:00+00:00,ERFT_B,0.45,20.24
2025-09-11 08:15:00+00:00,ERFT_B,0.44,19.79
2025-09-11 08:30:00+00:00,ERFT_B,0.0,19.86
2025-09-11 08:45:00+00:00,ERFT_B,0.0,18.98
2025-09-11 09:00:00+00:00,ERFT_B,0.17,20.14
2025-09-11 09:15:00+00:00,ERFT_B,0.8,19.52
2025-09-11 09:30:00+00:00,ERFT_B,0.49,20.13
2025-09-11 09:45:00+00:00,ERFT_B,0.31,19.31
2025-09-11 10:00:00+00:00,ERFT_B,0.52,19.83
2025-09-11 10:15:00+00:00,ERFT_B,0.21,19.93
2025-09-11 10:30:00+00:00,ERFT_B,0.03,19.69
2025-09-11 10:45:00+00:00,ERFT_B,0.98,19.99
2025-09-11 11:00:00+00:00,ERFT_B,0.19,19.67
2025-09-11 11:15:00+00:00,ERFT_B,0.43,19.49
2025-09-11 11:30:00+00:00,ERFT_B,0.0,20.63
2025-09-11 11:45:00+00:00,ERFT_B,0.0,20.36
2025-09-11 12:00:00+00:00,ERFT_B,0.12,19.47
2025-09-11 12:15:00+00:00,ERFT_B,0.0,20.15
2025-09-11 12:30:00+00:00,ERFT_B,0.14,19.5
2025-09-11 12:45:00+00:00,ERFT_B,0.0,19.29
2025-09-11 13:00:00+00:00,ERFT_B,1.34,20.41
2025-09-11 13:15:00+00:00,ERFT_B,0.39,19.06
2025-09-11 13:30:00+00:00,ERFT_B,0.57,20.38
2025-09-11 13:45:00+00:00,ERFT_B,0.0,19.8
2025-09-11 14:00:00+00:00,ERFT_B,0.31,19.83
2025-09-11 14:15:00+00:00,ERFT_B,0.05,20.15
2025-09-11 14:30:00+00:00,ERFT_B,0.58,20.24
2025-09-11 14:45:00+00:00,ERFT_B,0.25,19.54
2025-09-11 15:00:00+00:00,ERFT_B,0.08,20.32
2025-09-11 15:15:00+00:00,ERFT_B,0.0,20.03
2025-09-11 15:30:00+00:00,ERFT_B,0.12,19.35
2025-09-11 15:45:00+00:00,ERFT_B,0.45,19.89
2025-09-11 16:00:00+00:00,ERFT_B,0.02,20.67
2025-09-11 16:15:00+00:00,ERFT_B,1.17,20.83
2025-09-11 16:30:00+00:00,ERFT_B,0.42,20.35
2025-09-11 16:45:00+00:00,ERFT_B,0.0,19.4
2025-09-11 17:00:00+00:00,ERFT_B,0.0,20.24
2025-09-11 17:15:00+00:00,ERFT_B,0.06,20.42
2025-09-11 17:30:00+00:00,ERFT_B,0.01,20.36
2025-09-11 17:45:00+00:00,ERFT_B,0.21,20.39
2025-09-11 18:00:00+00:00,ERFT_B,0.09,20.18
2025-09-11 18:15:00+00:00,ERFT_B,0.03,19.96
2025-09-11 18:30:00+00:00,ERFT_B,0.0,19.69
2025-09-11 18:45:00+00:00,ERFT_B,0.26,19.05
2025-09-11 19:00:00+00:00,ERFT_B,0.0,20.17
2025-09-11 19:15:00+00:00,ERFT_B,0.42,20.09
2025-09-11 19:30:00+00:00,ERFT_B,0.0,20.27
2025-09-11 19:45:00+00:00,ERFT_B,0.0,19.32
2025-09-11 20:00:00+00:00,ERFT_B,0.0,20.3
2025-09-11 20:15:00+00:00,ERFT_B,0.0,21.0
2025-09-11 20:30:00+00:00,ERFT_B,0.0,20.01
2025-09-11 20:45:00+00:00,ERFT_B,0.0,19.94
2025-09-11 21:00:00+00:00,ERFT_B,0.15,20.12
2025-09-11 21:15:00+00:00,ERFT_B,0.0,20.97
2025-09-11 21:30:00+00:00,ERFT_B,0.15,19.43
2025-09-11 21:45:00+00:00,ERFT_B,0.0,20.04
2025-09-11 22:00:00+00:00,ERFT_B,0.0,19.53
2025-09-11 22:15:00+00:00,ERFT_B,0.41,19.65
2025-09-11 22:30:00+00:00,ERFT_B,0.0,19.89
2025-09-11 22:45:00+00:00,ERFT_B,0.24,20.58
2025-09-11 23:00:00+00:00,ERFT_B,0.0,20.79
2025-09-11 23:15:00+00:00,ERFT_B,0.6,20.11
2025-09-11 23:30:00+00:00,ERFT_B,0.11,19.68
2025-09-11 23:45:00+00:00,ERFT_B,0.08,21.1
2025-09-12 00:00:00+00:00,ERFT_B,0.0,19.63
2025-09-12 00:15:00+00:00,ERFT_B,0.0,19.55
2025-09-12 00:30:00+00:00,ERFT_B,0.03,18.93
2025-09-12 00:45:00+00:00,ERFT_B,0.0,20.5
2025-09-12 01:00:00+00:00,ERFT_B,0.37,20.28
2025-09-12 01:15:00+00:00,ERFT_B,0.1,20.99
2025-09-12 01:30:00+00:00,ERFT_B,0.0,19.07
2025-09-12 01:45:00+00:00,ERFT_B,0.31,20.47
2025-09-12 02:00:00+00:00,ERFT_B,0.01,19.76
2025-09-12 02:15:00+00:00,ERFT_B,0.29,20.11
2025-09-12 02:30:00+00:00,ERFT_B,0.0,18.87
2025-09-12 02:45:00+00:00,ERFT_B,0.22,20.41
2025-09-12 03:00:00+00:00,ERFT_B,0.01,20.05
2025-09-12 03:15:00+00:00,ERFT_B,0.37,19.62
2025-09-12 03:30:00+00:00,ERFT_B,0.0,19.94
2025-09-12 03:45:00+00:00,ERFT_B,0.0,19.22
2025-09-12 04:00:00+00:00,ERFT_B,0.05,19.29
2025-09-12 04:15:00+00:00,ERFT_B,0.0,19.33
2025-09-12 04:30:00+00:00,ERFT_B,0.0,18.61
2025-09-12 04:45:00+00:00,ERFT_B,0.26,19.95
2025-09-12 05:00:00+00:00,ERFT_B,0.0,20.09
2025-09-12 05:15:00+00:00,ERFT_B,0.16,19.12
2025-09-12 05:30:00+00:00,ERFT_B,0.0,19.62
2025-09-12 05:45:00+00:00,ERFT_B,0.0,19.29
2025-09-12 06:00:00+00:00,ERFT_B,0.29,19.56
2025-09-12 06:15:00+00:00,ERFT_B,0.74,19.06
2025-09-12 06:30:00+00:00,ERFT_B,0.13,18.91
2025-09-12 06:45:00+00:00,ERFT_B,0.06,19.85
2025-09-12 07:00:00+00:00,ERFT_B,0.11,19.26
2025-09-12 07:15:00+00:00,ERFT_B,0.53,20.28
2025-09-12 07:30:00+00:00,ERFT_B,0.14,19.27
2025-09-12 07:45:00+00:00,ERFT_B,0.31,18.75
2025-09-12 08:00:00+00:00,ERFT_B,0.29,19.8
2025-09-12 08:15:00+00:00,ERFT_B,0.41,19.47
2025-09-12 08:30:00+00:00,ERFT_B,0.06,19.49
2025-09-12 08:45:00+00:00,ERFT_B,0.0,19.7
2025-09-12 09:00:00+00:00,ERFT_B,0.22,18.74
2025-09-12 09:15:00+00:00,ERFT_B,0.38,18.98
2025-09-12 09:30:00+00:00,ERFT_B,0.46,18.92
2025-09-12 09:45:00+00:00,ERFT_B,0.59,18.33
2025-09-12 10:00:00+00:00,ERFT_B,0.34,18.81
2025-09-12 10:15:00+00:00,ERFT_B,0.0,19.58
2025-09-12 10:30:00+00:00,ERFT_B,0.13,19.0
2025-09-12 10:45:00+00:00,ERFT_B,0.11,18.18
2025-09-12 11:00:00+00:00,ERFT_B,0.09,18.04
2025-09-12 11:15:00+00:00,ERFT_B,0.23,19.61
2025-09-12 11:30:00+00:00,ERFT_B,0.04,18.7
2025-09-12 11:45:00+00:00,ERFT_B,0.04,18.39
2025-09-12 12:00:00+00:00,ERFT_B,0.78,18.54
2025-09-12 12:15:00+00:00,ERFT_B,0.07,17.9
2025-09-12 12:30:00+00:00,ERFT_B,0.4,19.32
2025-09-12 12:45:00+00:00,ERFT_B,0.43,18.37
2025-09-12 13:00:00+00:00,ERFT_B,0.14,19.22
2025-09-12 13:15:00+00:00,ERFT_B,0.05,18.52
2025-09-12 13:30:00+00:00,ERFT_B,0.0,19.17
2025-09-12 13:45:00+00:00,ERFT_B,0.0,18.55
2025-09-12 14:00:00+00:00,ERFT_B,0.25,18.81
2025-09-12 14:15:00+00:00,ERFT_B,0.18,18.71
2025-09-12 14:30:00+00:00,ERFT_B,0.3,18.62
2025-09-12 14:45:00+00:00,ERFT_B,0.0,18.44
2025-09-12 15:00:00+00:00,ERFT_B,0.85,18.11
2025-09-12 15:15:00+00:00,ERFT_B,0.21,19.15
2025-09-12 15:30:00+00:00,ERFT_B,0.06,17.69
2025-09-12 15:45:00+00:00,ERFT_B,0.01,18.11
2025-09-12 16:00:00+00:00,ERFT_B,0.32,18.07
2025-09-12 16:15:00+00:00,ERFT_B,0.58,18.23
2025-09-12 16:30:00+00:00,ERFT_B,0.09,17.77
2025-09-12 16:45:00+00:00,ERFT_B,0.67,18.1
2025-09-12 17:00:00+00:00,ERFT_B,0.0,17.81
2025-09-12 17:15:00+00:00,ERFT_B,0.19,17.06
2025-09-12 17:30:00+00:00,ERFT_B,0.2,17.82
2025-09-12 17:45:00+00:00,ERFT_B,0.25,17.22
2025-09-12 18:00:00+00:00,ERFT_B,0.13,16.86
2025-09-12 18:15:00+00:00,ERFT_B,0.18,17.75
2025-09-12 18:30:00+00:00,ERFT_B,0.0,17.88
2025-09-12 18:45:00+00:00,ERFT_B,0.52,17.85
2025-09-12 19:00:00+00:00,ERFT_B,0.36,17.83
2025-09-12 19:15:00+00:00,ERFT_B,0.16,16.53
2025-09-12 19:30:00+00:00,ERFT_B,0.37,16.77
2025-09-12 19:45:00+00:00,ERFT_B,0.54,18.39
2025-09-12 20:00:00+00:00,ERFT_B,0.25,16.84
2025-09-12 20:15:00+00:00,ERFT_B,0.93,17.62
2025-09-12 20:30:00+00:00,ERFT_B,0.27,16.92
2025-09-12 20:45:00+00:00,ERFT_B,0.0,17.26
2025-09-12 21:00:00+00:00,ERFT_B,0.15,16.86
2025-09-12 21:15:00+00:00,ERFT_B,0.39,17.41
2025-09-12 21:30:00+00:00,ERFT_B,0.54,17.15
2025-09-12 21:45:00+00:00,ERFT_B,0.13,16.8
2025-09-12 22:00:00+00:00,ERFT_B,0.0,16.45
2025-09-12 22:15:00+00:00,ERFT_B,0.04,17.06
2025-09-12 22:30:00+00:00,ERFT_B,0.0,16.28
2025-09-12 22:45:00+00:00,ERFT_B,0.31,17.05
2025-09-12 23:00:00+00:00,ERFT_B,0.01,18.1
2025-09-12 23:15:00+00:00,ERFT_B,0.0,17.41
2025-09-12 23:30:00+00:00,ERFT_B,0.35,17.04
2025-09-12 23:45:00+00:00,ERFT_B,0.66,16.59
2025-09-13 00:00:00+00:00,ERFT_B,0.0,15.61
2025-09-13 00:15:00+00:00,ERFT_B,0.13,15.87
2025-09-13 00:30:00+00:00,ERFT_B,0.05,17.12
2025-09-13 00:45:00+00:00,ERFT_B,0.57,16.03
2025-09-13 01:00:00+00:00,ERFT_B,0.07,16.03
2025-09-13 01:15:00+00:00,ERFT_B,0.0,16.24
2025-09-13 01:30:00+00:00,ERFT_B,0.08,15.74
2025-09-13 01:45:00+00:00,ERFT_B,0.45,15.61
2025-09-13 02:00:00+00:00,ERFT_B,0.04,16.14
2025-09-13 02:15:00+00:00,ERFT_B,0.0,15.67
2025-09-13 02:30:00+00:00,ERFT_B,0.06,15.69
2025-09-13 02:45:00+00:00,ERFT_B,0.0,15.62
2025-09-13 03:00:00+00:00,ERFT_B,0.05,16.22
2025-09-13 03:15:00+00:00,ERFT_B,0.0,15.79
2025-09-13 03:30:00+00:00,ERFT_B,1.08,15.76
2025-09-13 03:45:00+00:00,ERFT_B,0.0,16.1
2025-09-13 04:00:00+00:00,ERFT_B,0.0,15.67
2025-09-13 04:15:00+00:00,ERFT_B,0.0,15.55
2025-09-13 04:30:00+00:00,ERFT_B,0.19,15.87
2025-09-13 04:45:00+00:00,ERFT_B,0.0,15.92
2025-09-13 05:00:00+00:00,ERFT_B,0.0,15.45
2025-09-13 05:15:00+00:00,ERFT_B,0.11,15.51
2025-09-13 05:30:00+00:00,ERFT_B,0.03,15.03
2025-09-13 05:45:00+00:00,ERFT_B,0.0,14.93
2025-09-13 06:00:00+00:00,ERFT_B,0.55,15.69
2025-09-13 06:15:00+00:00,ERFT_B,0.2,15.48
2025-09-13 06:30:00+00:00,ERFT_B,0.17,15.43
2025-09-13 06:45:00+00:00,ERFT_B,0.21,15.29
2025-09-13 07:00:00+00:00,ERFT_B,0.2,15.11
2025-09-13 07:15:00+00:00,ERFT_B,0.04,15.38
2025-09-13 07:30:00+00:00,ERFT_B,0.0,15.45
2025-09-13 07:45:00+00:00,ERFT_B,0.12,15.38
2025-09-13 08:00:00+00:00,ERFT_B,0.04,14.82
2025-09-13 08:15:00+00:00,ERFT_B,0.0,15.51
2025-09-13 08:30:00+00:00,ERFT_B,0.01,14.87
2025-09-13 08:45:00+00:00,ERFT_B,0.36,15.02
2025-09-13 09:00:00+00:00,ERFT_B,0.12,14.79
2025-09-13 09:15:00+00:00,ERFT_B,0.0,14.71
2025-09-13 09:30:00+00:00,ERFT_B,0.0,14.17
2025-09-13 09:45:00+00:00,ERFT_B,0.44,14.83
2025-09-13 10:00:00+00:00,ERFT_B,0.05,15.84
2025-09-13 10:15:00+00:00,ERFT_B,0.06,14.18
2025-09-13 10:30:00+00:00,ERFT_B,0.27,14.34
2025-09-13 10:45:00+00:00,ERFT_B,0.0,14.03
2025-09-13 11:00:00+00:00,ERFT_B,0.1,13.95
2025-09-13 11:15:00+00:00,ERFT_B,0.12,14.91
2025-09-13 11:30:00+00:00,ERFT_B,0.0,13.75
2025-09-13 11:45:00+00:00,ERFT_B,0.49,13.79
2025-09-13 12:00:00+00:00,ERFT_B,0.12,13.18
2025-09-13 12:15:00+00:00,ERFT_B,0.01,13.54
2025-09-13 12:30:00+00:00,ERFT_B,0.05,13.01
2025-09-13 12:45:00+00:00,ERFT_B,0.0,14.12
2025-09-13 13:00:00+00:00,ERFT_B,0.0,15.15
2025-09-13 13:15:00+00:00,ERFT_B,0.0,13.51
2025-09-13 13:30:00+00:00,ERFT_B,0.01,12.8
2025-09-13 13:45:00+00:00,ERFT_B,0.04,14.03
2025-09-13 14:00:00+00:00,ERFT_B,0.53,13.16
2025-09-13 14:15:00+00:00,ERFT_B,0.25,14.12
2025-09-13 14:30:00+00:00,ERFT_B,0.0,13.27
2025-09-13 14:45:00+00:00,ERFT_B,0.43,13.04
2025-09-13 15:00:00+00:00,ERFT_B,0.0,13.21
2025-09-13 15:15:00+00:00,ERFT_B,0.29,13.62
2025-09-13 15:30:00+00:00,ERFT_B,0.01,13.07
2025-09-13 15:45:00+00:00,ERFT_B,0.11,12.88
2025-09-13 16:00:00+00:00,ERFT_B,0.0,12.98
2025-09-13 16:15:00+00:00,ERFT_B,0.16,12.39
2025-09-13 16:30:00+00:00,ERFT_B,0.33,13.16
2025-09-13 16:45:00+00:00,ERFT_B,0.0,12.02
2025-09-13 17:00:00+00:00,ERFT_B,0.33,12.63
2025-09-13 17:15:00+00:00,ERFT_B,0.0,13.18
2025-09-13 17:30:00+00:00,ERFT_B,0.7,12.9
2025-09-13 17:45:00+00:00,ERFT_B,0.29,12.99
2025-09-13 18:00:00+00:00,ERFT_B,0.23,12.6
2025-09-13 18:15:00+00:00,ERFT_B,0.05,13.17
2025-09-13 18:30:00+00:00,ERFT_B,1.24,12.99
2025-09-13 18:45:00+00:00,ERFT_B,0.0,12.7
2025-09-13 19:00:00+00:00,ERFT_B,0.0,12.88
2025-09-13 19:15:00+00:00,ERFT_B,0.0,12.74
2025-09-13 19:30:00+00:00,ERFT_B,0.4,12.09
2025-09-13 19:45:00+00:00,ERFT_B,0.1,11.58
2025-09-13 20:00:00+00:00,ERFT_B,0.07,12.41
2025-09-13 20:15:00+00:00,ERFT_B,0.0,12.42
2025-09-13 20:30:00+00:00,ERFT_B,0.06,12.64
2025-09-13 20:45:00+00:00,ERFT_B,0.0,11.57
2025-09-13 21:00:00+00:00,ERFT_B,0.26,11.54
2025-09-13 21:15:00+00:00,ERFT_B,0.03,12.17
2025-09-13 21:30:00+00:00,ERFT_B,0.0,11.85
2025-09-13 21:45:00+00:00,ERFT_B,0.36,10.89
2025-09-13 22:00:00+00:00,ERFT_B,0.0,11.97
2025-09-13 22:15:00+00:00,ERFT_B,0.11,10.8
2025-09-13 22:30:00+00:00,ERFT_B,0.0,11.2
2025-09-13 22:45:00+00:00,ERFT_B,0.0,12.3
2025-09-13 23:00:00+00:00,ERFT_B,0.01,12.48
2025-09-13 23:15:00+00:00,ERFT_B,0.0,10.91
2025-09-13 23:30:00+00:00,ERFT_B,0.0,11.3
2025-09-13 23:45:00+00:00,ERFT_B,0.3,11.44
2025-09-14 00:00:00+00:00,ERFT_B,0.32,12.26
2025-09-14 00:15:00+00:00,ERFT_B,0.15,11.07
2025-09-14 00:30:00+00:00,ERFT_B,0.0,11.03
2025-09-14 00:45:00+00:00,ERFT_B,0.06,11.99
2025-09-14 01:00:00+00:00,ERFT_B,0.79,10.98
2025-09-14 01:15:00+00:00,ERFT_B,1.14,11.48
2025-09-14 01:30:00+00:00,ERFT_B,0.37,10.33
2025-09-14 01:45:00+00:00,ERFT_B,0.0,10.93
2025-09-14 02:00:00+00:00,ERFT_B,0.06,10.14
2025-09-14 02:15:00+00:00,ERFT_B,0.14,10.4
2025-09-14 02:30:00+00:00,ERFT_B,0.1,11.29
2025-09-14 02:45:00+00:00,ERFT_B,0.41,10.8
2025-09-14 03:00:00+00:00,ERFT_B,0.28,10.62
2025-09-14 03:15:00+00:00,ERFT_B,0.0,10.36
2025-09-14 03:30:00+00:00,ERFT_B,0.0,10.58
2025-09-14 03:45:00+00:00,ERFT_B,0.36,10.79
2025-09-14 04:00:00+00:00,ERFT_B,0.55,11.08
2025-09-14 04:15:00+00:00,ERFT_B,0.14,9.23
2025-09-14 04:30:00+00:00,ERFT_B,0.62,10.08
2025-09-14 04:45:00+00:00,ERFT_B,0.11,10.53
2025-09-14 05:00:00+00:00,ERFT_B,0.0,10.36
2025-09-14 05:15:00+00:00,ERFT_B,0.25,10.57
2025-09-14 05:30:00+00:00,ERFT_B,0.0,10.45
2025-09-14 05:45:00+00:00,ERFT_B,0.59,10.12
2025-09-14 06:00:00+00:00,ERFT_B,0.23,9.97
2025-09-14 06:15:00+00:00,ERFT_B,0.0,10.07
2025-09-14 06:30:00+00:00,ERFT_B,0.0,10.72
2025-09-14 06:45:00+00:00,ERFT_B,0.0,9.74
2025-09-14 07:00:00+00:00,ERFT_B,0.0,10.03
2025-09-14 07:15:00+00:00,ERFT_B,0.18,10.11
2025-09-14 07:30:00+00:00,ERFT_B,0.33,10.76
2025-09-14 07:45:00+00:00,ERFT_B,0.43,9.78
2025-09-14 08:00:00+00:00,ERFT_B,0.16,10.37
2025-09-14 08:15:00+00:00,ERFT_B,0.12,10.47
2025-09-14 08:30:00+00:00,ERFT_B,0.02,9.78
2025-09-14 08:45:00+00:00,ERFT_B,0.19,9.67
2025-09-14 09:00:00+00:00,ERFT_B,0.0,9.57
2025-09-14 09:15:00+00:00,ERFT_B,0.0,9.57
2025-09-14 09:30:00+00:00,ERFT_B,0.1,10.08
2025-09-14 09:45:00+00:00,ERFT_B,0.31,9.73
2025-09-14 10:00:00+00:00,ERFT_B,0.0,9.7
2025-09-14 10:15:00+00:00,ERFT_B,0.0,8.98
2025-09-14 10:30:00+00:00,ERFT_B,0.09,9.02
2025-09-14 10:45:00+00:00,ERFT_B,0.09,10.54
2025-09-14 11:00:00+00:00,ERFT_B,0.22,9.34
2025-09-14 11:15:00+00:00,ERFT_B,0.77,9.01
2025-09-14 11:30:00+00:00,ERFT_B,0.0,10.07
2025-09-14 11:45:00+00:00,ERFT_B,0.81,9.46
2025-09-14 12:00:00+00:00,ERFT_B,0.74,9.58
2025-09-14 12:15:00+00:00,ERFT_B,0.34,9.18
2025-09-14 12:30:00+00:00,ERFT_B,0.14,9.06
2025-09-14 12:45:00+00:00,ERFT_B,0.0,9.1
2025-09-14 13:00:00+00:00,ERFT_B,0.34,8.46
2025-09-14 13:15:00+00:00,ERFT_B,0.15,9.07
2025-09-14 13:30:00+00:00,ERFT_B,0.02,9.23
2025-09-14 13:45:00+00:00,ERFT_B,0.33,9.98
2025-09-14 14:00:00+00:00,ERFT_B,0.39,9.06
2025-09-14 14:15:00+00:00,ERFT_B,0.54,7.82
2025-09-14 14:30:00+00:00,ERFT_B,0.0,8.91
2025-09-14 14:45:00+00:00,ERFT_B,0.48,10.3
2025-09-14 15:00:00+00:00,ERFT_B,0.03,9.33
2025-09-14 15:15:00+00:00,ERFT_B,0.14,8.47
2025-09-14 15:30:00+00:00,ERFT_B,0.19,9.14
2025-09-14 15:45:00+00:00,ERFT_B,0.44,8.44
2025-09-14 16:00:00+00:00,ERFT_B,0.29,8.11
2025-09-14 16:15:00+00:00,ERFT_B,0.02,8.58
2025-09-14 16:30:00+00:00,ERFT_B,0.0,8.78
2025-09-14 16:45:00+00:00,ERFT_B,0.22,7.77
2025-09-14 17:00:00+00:00,ERFT_B,0.13,8.1
2025-09-14 17:15:00+00:00,ERFT_B,0.0,8.66
2025-09-14 17:30:00+00:00,ERFT_B,0.16,8.42
2025-09-14 17:45:00+00:00,ERFT_B,0.09,8.8
2025-09-14 18:00:00+00:00,ERFT_B,0.54,7.97
2025-09-14 18:15:00+00:00,ERFT_B,0.85,8.91
2025-09-14 18:30:00+00:00,ERFT_B,0.38,7.94
2025-09-14 18:45:00+00:00,ERFT_B,0.08,9.33
2025-09-14 19:00:00+00:00,ERFT_B,0.11,7.63
2025-09-14 19:15:00+00:00,ERFT_B,0.0,7.92
2025-09-14 19:30:00+00:00,ERFT_B,0.0,8.65
2025-09-14 19:45:00+00:00,ERFT_B,0.06,9.25
2025-09-14 20:00:00+00:00,ERFT_B,0.04,8.56
2025-09-14 20:15:00+00:00,ERFT_B,0.0,8.66
2025-09-14 20:30:00+00:00,ERFT_B,0.55,8.37
2025-09-14 20:45:00+00:00,ERFT_B,0.62,7.83
2025-09-14 21:00:00+00:00,ERFT_B,0.53,8.08
2025-09-14 21:15:00+00:00,ERFT_B,0.64,7.7
2025-09-14 21:30:00+00:00,ERFT_B,1.07,7.65
2025-09-14 21:45:00+00:00,ERFT_B,0.0,8.47
2025-09-14 22:00:00+00:00,ERFT_B,1.04,7.69
2025-09-14 22:15:00+00:00,ERFT_B,0.02,8.4
2025-09-14 22:30:00+00:00,ERFT_B,0.27,7.57
2025-09-14 22:45:00+00:00,ERFT_B,0.0,8.36
2025-09-14 23:00:00+00:00,ERFT_B,0.0,7.95
2025-09-14 23:15:00+00:00,ERFT_B,0.4,8.88
2025-09-14 23:30:00+00:00,ERFT_B,0.28,8.33
2025-09-14 23:45:00+00:00,ERFT_B,0.02,8.77
2025-09-15 00:00:00+00:00,ERFT_B,0.11,7.76
2025-09-15 00:15:00+00:00,ERFT_B,0.0,8.16
2025-09-15 00:30:00+00:00,ERFT_B,0.39,7.63
2025-09-15 00:45:00+00:00,ERFT_B,0.58,7.9
2025-09-15 01:00:00+00:00,ERFT_B,0.0,7.97
2025-09-15 01:15:00+00:00,ERFT_B,0.09,7.72
2025-09-15 01:30:00+00:00,ERFT_B,0.0,7.47
2025-09-15 01:45:00+00:00,ERFT_B,0.15,7.36
2025-09-15 02:00:00+00:00,ERFT_B,0.23,6.89
2025-09-15 02:15:00+00:00,ERFT_B,0.17,7.53
2025-09-15 02:30:00+00:00,ERFT_B,0.21,8.36
2025-09-15 02:45:00+00:00,ERFT_B,0.06,7.24
2025-09-15 03:00:00+00:00,ERFT_B,0.07,7.35
2025-09-15 03:15:00+00:00,ERFT_B,0.06,8.92
2025-09-15 03:30:00+00:00,ERFT_B,0.0,7.7
2025-09-15 03:45:00+00:00,ERFT_B,0.01,8.18
2025-09-15 04:00:00+00:00,ERFT_B,0.22,8.33
2025-09-15 04:15:00+00:00,ERFT_B,0.55,8.34
2025-09-15 04:30:00+00:00,ERFT_B,0.0,7.25
2025-09-15 04:45:00+00:00,ERFT_B,0.07,7.89
2025-09-15 05:00:00+00:00,ERFT_B,0.0,7.19
2025-09-15 05:15:00+00:00,ERFT_B,0.0,9.22
2025-09-15 05:30:00+00:00,ERFT_B,0.02,7.2
2025-09-15 05:45:00+00:00,ERFT_B,0.13,7.48
2025-09-15 06:00:00+00:00,ERFT_B,0.12,7.48
2025-09-15 06:15:00+00:00,ERFT_B,0.08,7.25
2025-09-15 06:30:00+00:00,ERFT_B,0.19,8.68
2025-09-15 06:45:00+00:00,ERFT_B,0.0,9.21
2025-09-15 07:00:00+00:00,ERFT_B,0.13,7.77
2025-09-15 07:15:00+00:00,ERFT_B,0.29,7.35
2025-09-15 07:30:00+00:00,ERFT_B,0.0,6.89
2025-09-15 07:45:00+00:00,ERFT_B,0.0,7.89
2025-09-15 08:00:00+00:00,ERFT_B,0.39,7.86
2025-09-15 08:15:00+00:00,ERFT_B,0.0,7.7
2025-09-15 08:30:00+00:00,ERFT_B,0.0,8.14
2025-09-15 08:45:00+00:00,ERFT_B,0.28,8.23
2025-09-15 09:00:00+00:00,ERFT_B,0.0,8.2
2025-09-15 09:15:00+00:00,ERFT_B,0.36,7.89
2025-09-15 09:30:00+00:00,ERFT_B,0.0,7.51
2025-09-15 09:45:00+00:00,ERFT_B,0.0,8.4
2025-09-15 10:00:00+00:00,ERFT_B,0.0,8.08
2025-09-15 10:15:00+00:00,ERFT_B,0.24,8.53
2025-09-15 10:30:00+00:00,ERFT_B,0.0,8.49
2025-09-15 10:45:00+00:00,ERFT_B,0.39,7.39
2025-09-15 11:00:00+00:00,ERFT_B,0.09,7.4
2025-09-15 11:15:00+00:00,ERFT_B,0.11,7.75
2025-09-15 11:30:00+00:00,ERFT_B,0.0,7.61
2025-09-15 11:45:00+00:00,ERFT_B,0.46,8.53
2025-09-15 12:00:00+00:00,ERFT_B,0.3,8.34
2025-09-15 12:15:00+00:00,ERFT_B,0.29,8.72
2025-09-15 12:30:00+00:00,ERFT_B,0.05,8.39
2025-09-15 12:45:00+00:00,ERFT_B,0.0,8.31
2025-09-15 13:00:00+00:00,ERFT_B,0.13,8.82
2025-09-15 13:15:00+00:00,ERFT_B,0.22,8.47
2025-09-15 13:30:00+00:00,ERFT_B,0.23,8.28
2025-09-15 13:45:00+00:00,ERFT_B,0.18,9.0
2025-09-15 14:00:00+00:00,ERFT_B,0.17,8.34
2025-09-15 14:15:00+00:00,ERFT_B,0.0,8.14
2025-09-15 14:30:00+00:00,ERFT_B,0.0,7.9
2025-09-15 14:45:00+00:00,ERFT_B,0.0,8.68
2025-09-15 15:00:00+00:00,ERFT_B,0.4,8.97
2025-09-15 15:15:00+00:00,ERFT_B,0.82,8.35
2025-09-15 15:30:00+00:00,ERFT_B,1.54,9.04
2025-09-15 15:45:00+00:00,ERFT_B,0.14,7.43
2025-09-15 16:00:00+00:00,ERFT_B,0.17,8.4
2025-09-15 16:15:00+00:00,ERFT_B,0.06,8.43
2025-09-15 16:30:00+00:00,ERFT_B,0.14,8.11
2025-09-15 16:45:00+00:00,ERFT_B,0.0,9.69
2025-09-15 17:00:00+00:00,ERFT_B,0.06,8.49
2025-09-15 17:15:00+00:00,ERFT_B,0.0,8.34
2025-09-15 17:30:00+00:00,ERFT_B,0.03,8.58
2025-09-15 17:45:00+00:00,ERFT_B,0.0,7.59
2025-09-15 18:00:00+00:00,ERFT_B,0.22,8.23
2025-09-15 18:15:00+00:00,ERFT_B,0.26,9.13
2025-09-15 18:30:00+00:00,ERFT_B,0.16,8.35
2025-09-15 18:45:00+00:00,ERFT_B,0.0,8.28
2025-09-15 19:00:00+00:00,ERFT_B,0.0,9.37
2025-09-15 19:15:00+00:00,ERFT_B,0.27,9.41
2025-09-15 19:30:00+00:00,ERFT_B,0.09,9.03
2025-09-15 19:45:00+00:00,ERFT_B,0.0,8.57
2025-09-15 20:00:00+00:00,ERFT_B,0.12,8.71
2025-09-15 20:15:00+00:00,ERFT_B,0.18,8.45
2025-09-15 20:30:00+00:00,ERFT_B,0.0,8.39
2025-09-15 20:45:00+00:00,ERFT_B,0.23,8.39
2025-09-15 21:00:00+00:00,ERFT_B,0.0,8.64
2025-09-15 21:15:00+00:00,ERFT_B,0.0,8.46
2025-09-15 21:30:00+00:00,ERFT_B,0.0,8.22
2025-09-15 21:45:00+00:00,ERFT_B,0.0,9.15
2025-09-15 22:00:00+00:00,ERFT_B,0.0,9.19
2025-09-15 22:15:00+00:00,ERFT_B,0.39,9.95
2025-09-15 22:30:00+00:00,ERFT_B,0.04,8.8
2025-09-15 22:45:00+00:00,ERFT_B,0.0,9.32
2025-09-15 23:00:00+00:00,ERFT_B,0.44,9.36
2025-09-15 23:15:00+00:00,ERFT_B,0.41,9.11
2025-09-15 23:30:00+00:00,ERFT_B,0.02,9.64
2025-09-15 23:45:00+00:00,ERFT_B,0.16,9.69
2025-09-16 00:00:00+00:00,ERFT_B,0.0,9.5
2025-09-16 00:15:00+00:00,ERFT_B,0.07,9.25
2025-09-16 00:30:00+00:00,ERFT_B,0.0,9.23
2025-09-16 00:45:00+00:00,ERFT_B,0.2,8.76
2025-09-16 01:00:00+00:00,ERFT_B,0.45,9.08
2025-09-16 01:15:00+00:00,ERFT_B,0.37,9.21
2025-09-16 01:30:00+00:00,ERFT_B,0.1,9.0
2025-09-16 01:45:00+00:00,ERFT_B,0.0,9.82
2025-09-16 02:00:00+00:00,ERFT_B,0.0,10.23
2025-09-16 02:15:00+00:00,ERFT_B,0.07,9.22
2025-09-16 02:30:00+00:00,ERFT_B,0.0,9.85
2025-09-16 02:45:00+00:00,ERFT_B,0.0,9.24
2025-09-16 03:00:00+00:00,ERFT_B,0.59,9.64
2025-09-16 03:15:00+00:00,ERFT_B,0.33,9.49
2025-09-16 03:30:00+00:00,ERFT_B,0.22,10.17
2025-09-16 03:45:00+00:00,ERFT_B,0.28,9.57
2025-09-16 04:00:00+00:00,ERFT_B,0.0,10.46
2025-09-16 04:15:00+00:00,ERFT_B,0.0,9.87
2025-09-16 04:30:00+00:00,ERFT_B,0.14,9.71
2025-09-16 04:45:00+00:00,ERFT_B,0.16,9.45
2025-09-16 05:00:00+00:00,ERFT_B,0.0,10.25
2025-09-16 05:15:00+00:00,ERFT_B,0.13,10.61
2025-09-16 05:30:00+00:00,ERFT_B,0.07,10.35
2025-09-16 05:45:00+00:00,ERFT_B,0.36,11.37
2025-09-16 06:00:00+00:00,ERFT_B,0.17,11.01
2025-09-16 06:15:00+00:00,ERFT_B,0.65,10.19
2025-09-16 06:30:00+00:00,ERFT_B,0.02,10.23
2025-09-16 06:45:00+00:00,ERFT_B,0.0,10.67
2025-09-16 07:00:00+00:00,ERFT_B,0.63,10.06
2025-09-16 07:15:00+00:00,ERFT_B,0.18,11.11
2025-09-16 07:30:00+00:00,ERFT_B,0.08,10.75
2025-09-16 07:45:00+00:00,ERFT_B,0.0,10.74
2025-09-16 08:00:00+00:00,ERFT_B,0.02,11.01
2025-09-16 08:15:00+00:00,ERFT_B,0.01,11.57
2025-09-16 08:30:00+00:00,ERFT_B,0.0,10.84
2025-09-16 08:45:00+00:00,ERFT_B,0.0,10.75
2025-09-16 09:00:00+00:00,ERFT_B,0.01,11.61
2025-09-16 09:15:00+00:00,ERFT_B,0.29,11.38
2025-09-16 09:30:00+00:00,ERFT_B,0.49,10.79
2025-09-16 09:45:00+00:00,ERFT_B,0.38,11.0
2025-09-16 10:00:00+00:00,ERFT_B,0.4,11.14
2025-09-16 10:15:00+00:00,ERFT_B,0.0,11.27
2025-09-16 10:30:00+00:00,ERFT_B,0.15,10.46
2025-09-16 10:45:00+00:00,ERFT_B,0.22,10.42
2025-09-16 11:00:00+00:00,ERFT_B,0.24,10.8
2025-09-16 11:15:00+00:00,ERFT_B,0.07,10.81
2025-09-16 11:30:00+00:00,ERFT_B,0.12,11.02
2025-09-16 11:45:00+00:00,ERFT_B,0.36,11.71
2025-09-16 12:00:00+00:00,ERFT_B,0.21,11.36
2025-09-16 12:15:00+00:00,ERFT_B,0.27,11.59
2025-09-16 12:30:00+00:00,ERFT_B,0.0,10.93
2025-09-16 12:45:00+00:00,ERFT_B,0.25,11.37
2025-09-16 13:00:00+00:00,ERFT_B,0.11,11.94
2025-09-16 13:15:00+00:00,ERFT_B,0.32,12.0
2025-09-16 13:30:00+00:00,ERFT_B,0.0,11.39
2025-09-16 13:45:00+00:00,ERFT_B,0.29,11.89
2025-09-16 14:00:00+00:00,ERFT_B,0.02,12.96
2025-09-16 14:15:00+00:00,ERFT_B,0.3,11.9
2025-09-16 14:30:00+00:00,ERFT_B,0.15,11.62
2025-09-16 14:45:00+00:00,ERFT_B,0.1,11.93
2025-09-16 15:00:00+00:00,ERFT_B,0.03,12.11
2025-09-16 15:15:00+00:00,ERFT_B,0.08,12.05
2025-09-16 15:30:00+00:00,ERFT_B,0.01,12.16
2025-09-16 15:45:00+00:00,ERFT_B,0.03,11.51
2025-09-16 16:00:00+00:00,ERFT_B,0.21,11.8
2025-09-16 16:15:00+00:00,ERFT_B,0.0,12.26
2025-09-16 16:30:00+00:00,ERFT_B,0.29,12.31
2025-09-16 16:45:00+00:00,ERFT_B,0.3,12.16
2025-09-16 17:00:00+00:00,ERFT_B,0.04,12.41
2025-09-16 17:15:00+00:00,ERFT_B,0.12,12.58
2025-09-16 17:30:00+00:00,ERFT_B,0.0,13.05
2025-09-16 17:45:00+00:00,ERFT_B,0.19,12.61
2025-09-16 18:00:00+00:00,ERFT_B,0.0,12.92
2025-09-16 18:15:00+00:00,ERFT_B,0.48,12.5
2025-09-16 18:30:00+00:00,ERFT_B,0.0,13.11
2025-09-16 18:45:00+00:00,ERFT_B,0.07,13.07
2025-09-16 19:00:00+00:00,ERFT_B,0.13,13.37
2025-09-16 19:15:00+00:00,ERFT_B,0.2,13.35
2025-09-16 19:30:00+00:00,ERFT_B,0.09,13.34
2025-09-16 19:45:00+00:00,ERFT_B,0.16,13.06
2025-09-16 20:00:00+00:00,ERFT_B,0.03,13.28
2025-09-16 20:15:00+00:00,ERFT_B,0.0,13.75
2025-09-16 20:30:00+00:00,ERFT_B,0.08,12.95
2025-09-16 20:45:00+00:00,ERFT_B,0.25,13.01
2025-09-16 21:00:00+00:00,ERFT_B,0.0,13.47
2025-09-16 21:15:00+00:00,ERFT_B,0.14,13.65
2025-09-16 21:30:00+00:00,ERFT_B,0.77,13.08
2025-09-16 21:45:00+00:00,ERFT_B,0.07,13.51
2025-09-16 22:00:00+00:00,ERFT_B,0.08,13.56
2025-09-16 22:15:00+00:00,ERFT_B,0.0,12.56
2025-09-16 22:30:00+00:00,ERFT_B,0.0,13.61
2025-09-16 22:45:00+00:00,ERFT_B,0.0,13.7
2025-09-16 23:00:00+00:00,ERFT_B,0.23,13.75
2025-09-16 23:15:00+00:00,ERFT_B,0.0,14.6
2025-09-16 23:30:00+00:00,ERFT_B,0.18,13.34
2025-09-16 23:45:00+00:00,ERFT_B,0.0,13.59
