ts,station_id,q_cms,rain_mm,temp_c,h_cm
2025-09-10 00:00:00+00:00,ERFT_A,2.12,0.0,16.31,136.4
2025-09-10 00:15:00+00:00,ERFT_A,2.029,0.0,16.14,135.6
2025-09-10 00:30:00+00:00,ERFT_A,2.169,0.0,16.42,136.8
2025-09-10 00:45:00+00:00,ERFT_A,2.356,0.0,16.66,138.4
2025-09-10 01:00:00+00:00,ERFT_A,2.33,0.0,16.15,138.2
2025-09-10 01:15:00+00:00,ERFT_A,2.355,0.0,16.51,138.4
2025-09-10 01:30:00+00:00,ERFT_A,2.239,0.0,16.33,137.4
2025-09-10 01:45:00+00:00,ERFT_A,2.47,0.0,16.31,139.3
2025-09-10 02:00:00+00:00,ERFT_A,2.386,0.0,16.42,138.6
2025-09-10 02:15:00+00:00,ERFT_A,2.302,0.0,16.61,137.9
2025-09-10 02:30:00+00:00,ERFT_A,2.254,0.0,16.78,137.5
2025-09-10 02:45:00+00:00,ERFT_A,2.367,0.0,16.27,138.5
2025-09-10 03:00:00+00:00,ERFT_A,2.365,0.0,16.66,138.4
2025-09-10 03:15:00+00:00,ERFT_A,2.411,0.0,16.43,138.8
2025-09-10 03:30:00+00:00,ERFT_A,2.498,0.0,16.44,139.5
2025-09-10 03:45:00+00:00,ERFT_A,2.543,0.0,16.84,139.9
2025-09-10 04:00:00+00:00,ERFT_A,2.541,0.0,16.56,139.9
2025-09-10 04:15:00+00:00,ERFT_A,2.548,0.0,16.55,139.9
2025-09-10 04:30:00+00:00,ERFT_A,2.423,0.0,16.93,138.9
2025-09-10 04:45:00+00:00,ERFT_A,2.359,0.0,16.81,138.4
2025-09-10 05:00:00+00:00,ERFT_A,2.654,3.76,16.48,140.7
2025-09-10 05:15:00+00:00,ERFT_A,2.61,0.0,16.65,140.4
2025-09-10 05:30:00+00:00,ERFT_A,2.714,0.0,17.4,141.2
2025-09-10 05:45:00+00:00,ERFT_A,2.587,0.0,17.45,140.2
2025-09-10 06:00:00+00:00,ERFT_A,2.765,0.0,16.44,141.6
2025-09-10 06:15:00+00:00,ERFT_A,2.567,0.0,16.85,140.1
2025-09-10 06:30:00+00:00,ERFT_A,2.684,0.0,17.22,141.0
2025-09-10 06:45:00+00:00,ERFT_A,2.677,0.0,17.19,140.9
2025-09-10 07:00:00+00:00,ERFT_A,2.503,0.0,17.61,139.6
2025-09-10 07:15:00+00:00,ERFT_A,2.648,0.0,17.35,140.7
2025-09-10 07:30:00+00:00,ERFT_A,2.401,0.0,17.27,138.7
2025-09-10 07:45:00+00:00,ERFT_A,2.553,0.0,17.45,139.9
2025-09-10 08:00:00+00:00,ERFT_A,2.482,0.0,17.58,139.4
2025-09-10 08:15:00+00:00,ERFT_A,2.454,0.0,17.4,139.2
2025-09-10 08:30:00+00:00,ERFT_A,2.49,0.0,17.6,139.4
2025-09-10 08:45:00+00:00,ERFT_A,2.407,0.0,17.51,138.8
2025-09-10 09:00:00+00:00,ERFT_A,2.41,1.37,17.41,138.8
2025-09-10 09:15:00+00:00,ERFT_A,2.452,0.0,18.44,139.1
2025-09-10 09:30:00+00:00,ERFT_A,2.466,0.0,18.01,139.3
2025-09-10 09:45:00+00:00,ERFT_A,2.558,0.0,17.66,140.0
2025-09-10 10:00:00+00:00,ERFT_A,2.497,1.98,17.91,139.5
2025-09-10 10:15:00+00:00,ERFT_A,2.411,0.0,17.84,138.8
2025-09-10 10:30:00+00:00,ERFT_A,2.272,0.0,17.89,137.7
2025-09-10 10:45:00+00:00,ERFT_A,2.328,0.0,17.73,138.1
2025-09-10 11:00:00+00:00,ERFT_A,2.278,1.93,18.03,137.7
2025-09-10 11:15:00+00:00,ERFT_A,2.27,0.0,18.07,137.7
2025-09-10 11:30:00+00:00,ERFT_A,2.477,0.0,18.06,139.3
2025-09-10 11:45:00+00:00,ERFT_A,2.181,0.0,17.96,136.9
2025-09-10 12:00:00+00:00,ERFT_A,2.274,0.0,18.31,137.7
2025-09-10 12:15:00+00:00,ERFT_A,2.204,0.0,18.31,137.1
2025-09-10 12:30:00+00:00,ERFT_A,2.142,0.0,18.35,136.6
2025-09-10 12:45:00+00:00,ERFT_A,2.264,3.21,18.18,137.6
2025-09-10 13:00:00+00:00,ERFT_A,2.24,0.0,18.45,137.4
2025-09-10 13:15:00+00:00,ERFT_A,2.279,0.0,18.72,137.7
2025-09-10 13:30:00+00:00,ERFT_A,2.135,0.0,18.58,136.5
2025-09-10 13:45:00+00:00,ERFT_A,2.054,0.0,18.61,135.8
2025-09-10 14:00:00+00:00,ERFT_A,2.157,0.0,18.31,136.7
2025-09-10 14:15:00+00:00,ERFT_A,2.059,0.0,18.5,135.9
2025-09-10 14:30:00+00:00,ERFT_A,2.075,0.0,18.81,136.0
2025-09-10 14:45:00+00:00,ERFT_A,1.863,0.0,19.11,134.1
2025-09-10 15:00:00+00:00,ERFT_A,2.011,0.0,18.56,135.5
2025-09-10 15:15:00+00:00,ERFT_A,2.014,0.0,18.94,135.5
2025-09-10 15:30:00+00:00,ERFT_A,1.986,0.0,18.72,135.2
2025-09-10 15:45:00+00:00,ERFT_A,1.945,0.0,19.15,134.9
2025-09-10 16:00:00+00:00,ERFT_A,1.92,0.0,19.02,134.6
2025-09-10 16:15:00+00:00,ERFT_A,1.94,0.0,18.71,134.8
2025-09-10 16:30:00+00:00,ERFT_A,1.765,0.0,19.4,133.2
2025-09-10 16:45:00+00:00,ERFT_A,1.812,0.0,18.89,133.7
2025-09-10 17:00:00+00:00,ERFT_A,1.865,0.0,18.75,134.1
2025-09-10 17:15:00+00:00,ERFT_A,1.77,0.0,18.66,133.3
2025-09-10 17:30:00+00:00,ERFT_A,1.861,0.0,18.69,134.1
2025-09-10 17:45:00+00:00,ERFT_A,1.874,0.0,19.51,134.2
2025-09-10 18:00:00+00:00,ERFT_A,2.078,2.87,19.0,136.0
2025-09-10 18:15:00+00:00,ERFT_A,1.949,0.0,18.98,134.9
2025-09-10 18:30:00+00:00,ERFT_A,1.991,0.0,18.73,135.3
2025-09-10 18:45:00+00:00,ERFT_A,1.931,0.0,18.99,134.7
2025-09-10 19:00:00+00:00,ERFT_A,1.92,0.0,18.73,134.6
2025-09-10 19:15:00+00:00,ERFT_A,2.037,0.0,19.01,135.7
2025-09-10 19:30:00+00:00,ERFT_A,2.063,0.0,19.56,135.9
2025-09-10 19:45:00+00:00,ERFT_A,2.002,0.0,19.12,135.4
2025-09-10 20:00:00+00:00,ERFT_A,1.937,0.0,19.33,134.8
2025-09-10 20:15:00+00:00,ERFT_A,1.94,0.0,19.26,134.8
2025-09-10 20:30:00+00:00,ERFT_A,1.95,0.0,19.98,134.9
2025-09-10 20:45:00+00:00,ERFT_A,2.068,0.0,20.26,136.0
2025-09-10 21:00:00+00:00,ERFT_A,2.01,0.0,19.68,135.4
2025-09-10 21:15:00+00:00,ERFT_A,1.953,0.0,19.5,134.9
2025-09-10 21:30:00+00:00,ERFT_A,2.015,0.0,19.33,135.5
2025-09-10 21:45:00+00:00,ERFT_A,2.024,0.0,19.83,135.6
2025-09-10 22:00:00+00:00,ERFT_A,1.802,0.0,19.72,133.6
2025-09-10 22:15:00+00:00,ERFT_A,2.207,0.0,19.7,137.1
2025-09-10 22:30:00+00:00,ERFT_A,2.059,0.0,19.51,135.9
2025-09-10 22:45:00+00:00,ERFT_A,2.089,0.0,19.71,136.1
2025-09-10 23:00:00+00:00,ERFT_A,2.2,0.0,19.41,137.1
2025-09-10 23:15:00+00:00,ERFT_A,2.217,0.0,19.58,137.2
2025-09-10 23:30:00+00:00,ERFT_A,2.194,0.49,19.83,137.0
2025-09-10 23:45:00+00:00,ERFT_A,1.93,0.0,19.1,134.7
2025-09-11 00:00:00+00:00,ERFT_A,2.263,0.0,20.22,137.6
2025-09-11 00:15:00+00:00,ERFT_A,2.264,0.0,20.14,137.6
2025-09-11 00:30:00+00:00,ERFT_A,2.226,0.0,19.73,137.3
2025-09-11 00:45:00+00:00,ERFT_A,2.444,3.08,19.85,139.1
2025-09-11 01:00:00+00:00,ERFT_A,2.33,0.0,20.0,138.2
2025-09-11 01:15:00+00:00,ERFT_A,2.379,0.0,19.85,138.6
2025-09-11 01:30:00+00:00,ERFT_A,2.29,1.93,20.12,137.8
2025-09-11 01:45:00+00:00,ERFT_A,2.47,0.0,20.04,139.3
2025-09-11 02:00:00+00:00,ERFT_A,2.555,0.0,20.02,140.0
2025-09-11 02:15:00+00:00,ERFT_A,2.386,0.0,20.18,138.6
2025-09-11 02:30:00+00:00,ERFT_A,2.367,0.0,20.12,138.5
2025-09-11 02:45:00+00:00,ERFT_A,2.475,0.0,20.21,139.3
2025-09-11 03:00:00+00:00,ERFT_A,2.301,0.0,20.41,137.9
2025-09-11 03:15:00+00:00,ERFT_A,2.381,0.0,20.51,138.6
2025-09-11 03:30:00+00:00,ERFT_A,2.434,0.0,20.38,139.0
2025-09-11 03:45:00+00:00,ERFT_A,2.362,0.0,19.79,138.4
2025-09-11 04:00:00+00:00,ERFT_A,2.473,0.0,20.59,139.3
2025-09-11 04:15:00+00:00,ERFT_A,2.39,0.0,20.08,138.6
2025-09-11 04:30:00+00:00,ERFT_A,2.456,0.0,20.51,139.2
2025-09-11 04:45:00+00:00,ERFT_A,2.422,0.0,20.13,138.9
2025-09-11 05:00:00+00:00,ERFT_A,2.411,0.0,20.63,138.8
2025-09-11 05:15:00+00:00,ERFT_A,2.427,0.0,20.37,138.9
2025-09-11 05:30:00+00:00,ERFT_A,2.543,0.0,19.88,139.9
2025-09-11 05:45:00+00:00,ERFT_A,2.494,0.0,20.28,139.5
2025-09-11 06:00:00+00:00,ERFT_A,2.452,0.0,20.48,139.1
2025-09-11 06:15:00+00:00,ERFT_A,2.5,0.0,20.69,139.5
2025-09-11 06:30:00+00:00,ERFT_A,2.444,0.0,20.25,139.1
2025-09-11 06:45:00+00:00,ERFT_A,2.385,0.0,21.02,138.6
2025-09-11 07:00:00+00:00,ERFT_A,2.403,0.0,20.57,138.8
2025-09-11 07:15:00+00:00,ERFT_A,2.671,0.0,20.56,140.9
2025-09-11 07:30:00+00:00,ERFT_A,2.61,3.82,20.58,140.4
2025-09-11 07:45:00+00:00,ERFT_A,2.6,0.0,20.52,140.3
2025-09-11 08:00:00+00:00,ERFT_A,2.453,0.0,20.81,139.2
2025-09-11 08:15:00+00:00,ERFT_A,2.517,0.0,20.6,139.7
2025-09-11 08:30:00+00:00,ERFT_A,2.458,0.0,20.8,139.2
2025-09-11 08:45:00+00:00,ERFT_A,2.506,0.0,21.07,139.6
2025-09-11 09:00:00+00:00,ERFT_A,2.412,0.67,20.89,138.8
2025-09-11 09:15:00+00:00,ERFT_A,2.412,0.0,21.13,138.8
2025-09-11 09:30:00+00:00,ERFT_A,2.568,0.0,21.37,140.1
2025-09-11 09:45:00+00:00,ERFT_A,2.464,0.0,21.36,139.2
2025-09-11 10:00:00+00:00,ERFT_A,2.367,0.0,21.06,138.5
2025-09-11 10:15:00+00:00,ERFT_A,2.23,0.0,21.23,137.3
2025-09-11 10:30:00+00:00,ERFT_A,2.235,0.0,20.71,137.4
2025-09-11 10:45:00+00:00,ERFT_A,2.335,0.0,20.35,138.2
2025-09-11 11:00:00+00:00,ERFT_A,2.339,0.0,21.0,138.2
2025-09-11 11:15:00+00:00,ERFT_A,2.272,0.0,21.45,137.7
2025-09-11 11:30:00+00:00,ERFT_A,2.269,0.0,20.2,137.7
2025-09-11 11:45:00+00:00,ERFT_A,2.156,0.0,21.0,136.7
2025-09-11 12:00:00+00:00,ERFT_A,2.136,0.0,21.31,136.5
2025-09-11 12:15:00+00:00,ERFT_A,2.231,0.0,20.46,137.3
2025-09-11 12:30:00+00:00,ERFT_A,2.205,0.0,20.94,137.1
2025-09-11 12:45:00+00:00,ERFT_A,2.237,1.34,21.38,137.4
2025-09-11 13:00:00+00:00,ERFT_A,2.076,0.0,20.62,136.0
2025-09-11 13:15:00+00:00,ERFT_A,2.14,1.37,21.66,136.6
2025-09-11 13:30:00+00:00,ERFT_A,2.192,0.0,21.32,137.0
2025-09-11 13:45:00+00:00,ERFT_A,2.105,0.0,20.89,136.3
2025-09-11 14:00:00+00:00,ERFT_A,2.098,0.0,20.91,136.2
2025-09-11 14:15:00+00:00,ERFT_A,2.073,0.0,20.4,136.0
2025-09-11 14:30:00+00:00,ERFT_A,2.182,0.0,21.39,136.9
2025-09-11 14:45:00+00:00,ERFT_A,2.091,0.0,20.83,136.2
2025-09-11 15:00:00+00:00,ERFT_A,1.995,0.0,20.86,135.3
2025-09-11 15:15:00+00:00,ERFT_A,2.071,0.46,20.68,136.0
2025-09-11 15:30:00+00:00,ERFT_A,1.913,0.0,20.86,134.6
2025-09-11 15:45:00+00:00,ERFT_A,1.938,4.09,21.28,134.8
2025-09-11 16:00:00+00:00,ERFT_A,2.036,0.0,21.0,135.7
2025-09-11 16:15:00+00:00,ERFT_A,1.93,1.63,21.18,134.7
2025-09-11 16:30:00+00:00,ERFT_A,1.999,0.0,20.55,135.3
2025-09-11 16:45:00+00:00,ERFT_A,2.014,0.0,21.19,135.5
2025-09-11 17:00:00+00:00,ERFT_A,2.098,0.0,21.09,136.2
2025-09-11 17:15:00+00:00,ERFT_A,1.995,0.0,21.1,135.3
2025-09-11 17:30:00+00:00,ERFT_A,2.028,1.13,20.75,135.6
2025-09-11 17:45:00+00:00,ERFT_A,2.042,0.0,21.08,135.7
2025-09-11 18:00:00+00:00,ERFT_A,2.117,0.0,20.93,136.4
2025-09-11 18:15:00+00:00,ERFT_A,1.924,0.0,21.23,134.7
2025-09-11 18:30:00+00:00,ERFT_A,1.912,0.0,20.69,134.6
2025-09-11 18:45:00+00:00,ERFT_A,1.863,0.0,20.89,134.1
2025-09-11 19:00:00+00:00,ERFT_A,1.979,0.0,20.89,135.2
2025-09-11 19:15:00+00:00,ERFT_A,1.961,0.0,21.14,135.0
2025-09-11 19:30:00+00:00,ERFT_A,1.983,0.0,21.17,135.2
2025-09-11 19:45:00+00:00,ERFT_A,1.914,0.0,21.2,134.6
2025-09-11 20:00:00+00:00,ERFT_A,2.005,0.0,21.13,135.4
2025-09-11 20:15:00+00:00,ERFT_A,2.053,0.0,20.45,135.8
2025-09-11 20:30:00+00:00,ERFT_A,1.831,0.0,21.37,133.8
2025-09-11 20:45:00+00:00,ERFT_A,1.92,0.0,21.15,134.6
2025-09-11 21:00:00+00:00,ERFT_A,1.904,0.0,20.61,134.5
2025-09-11 21:15:00+00:00,ERFT_A,1.88,0.0,20.1,134.3
2025-09-11 21:30:00+00:00,ERFT_A,2.061,0.0,21.01,135.9
2025-09-11 21:45:00+00:00,ERFT_A,2.041,0.0,21.18,135.7
2025-09-11 22:00:00+00:00,ERFT_A,2.037,0.0,20.98,135.7
2025-09-11 22:15:00+00:00,ERFT_A,2.235,0.0,21.49,137.4
2025-09-11 22:30:00+00:00,ERFT_A,2.231,0.66,21.01,137.3
2025-09-11 22:45:00+00:00,ERFT_A,1.977,0.0,21.1,135.2
2025-09-11 23:00:00+00:00,ERFT_A,2.079,0.0,20.8,136.0
2025-09-11 23:15:00+00:00,ERFT_A,2.202,0.0,21.05,137.1
2025-09-11 23:30:00+00:00,ERFT_A,2.246,0.0,20.91,137.5
2025-09-11 23:45:00+00:00,ERFT_A,2.37,0.0,21.01,138.5
2025-09-12 00:00:00+00:00,ERFT_A,2.2,0.0,20.78,137.1
2025-09-12 00:15:00+00:00,ERFT_A,2.251,0.0,20.88,137.5
2025-09-12 00:30:00+00:00,ERFT_A,2.281,0.0,21.15,137.8
2025-09-12 00:45:00+00:00,ERFT_A,2.177,0.0,20.51,136.9
2025-09-12 01:00:00+00:00,ERFT_A,2.235,0.0,20.38,137.4
2025-09-12 01:15:00+00:00,ERFT_A,2.22,0.0,20.84,137.2
2025-09-12 01:30:00+00:00,ERFT_A,2.393,0.0,20.91,138.7
2025-09-12 01:45:00+00:00,ERFT_A,2.413,0.0,20.79,138.8
2025-09-12 02:00:00+00:00,ERFT_A,2.275,0.0,20.73,137.7
2025-09-12 02:15:00+00:00,ERFT_A,2.419,0.0,20.31,138.9
2025-09-12 02:30:00+00:00,ERFT_A,2.459,0.0,20.27,139.2
2025-09-12 02:45:00+00:00,ERFT_A,2.366,0.0,20.83,138.5
2025-09-12 03:00:00+00:00,ERFT_A,2.35,0.0,20.81,138.3
2025-09-12 03:15:00+00:00,ERFT_A,2.344,0.0,20.6,138.3
2025-09-12 03:30:00+00:00,ERFT_A,2.449,0.0,20.75,139.1
2025-09-12 03:45:00+00:00,ERFT_A,2.549,0.0,20.64,139.9
2025-09-12 04:00:00+00:00,ERFT_A,2.319,0.0,20.83,138.1
2025-09-12 04:15:00+00:00,ERFT_A,2.423,0.0,20.91,138.9
2025-09-12 04:30:00+00:00,ERFT_A,2.343,0.0,20.89,138.3
2025-09-12 04:45:00+00:00,ERFT_A,2.601,0.0,20.56,140.3
2025-09-12 05:00:00+00:00,ERFT_A,2.499,0.0,20.62,139.5
2025-09-12 05:15:00+00:00,ERFT_A,2.457,0.0,20.41,139.2
2025-09-12 05:30:00+00:00,ERFT_A,2.357,0.0,20.71,138.4
2025-09-12 05:45:00+00:00,ERFT_A,2.512,0.0,21.11,139.6
2025-09-12 06:00:00+00:00,ERFT_A,2.58,0.0,20.69,140.2
2025-09-12 06:15:00+00:00,ERFT_A,2.524,0.0,20.72,139.7
2025-09-12 06:30:00+00:00,ERFT_A,2.443,0.0,20.24,139.1
2025-09-12 06:45:00+00:00,ERFT_A,2.34,0.0,20.1,138.2
2025-09-12 07:00:00+00:00,ERFT_A,2.395,3.22,21.01,138.7
2025-09-12 07:15:00+00:00,ERFT_A,2.758,5.37,20.55,141.5
2025-09-12 07:30:00+00:00,ERFT_A,2.504,0.0,19.89,139.6
2025-09-12 07:45:00+00:00,ERFT_A,2.615,0.0,20.09,140.4
2025-09-12 08:00:00+00:00,ERFT_A,2.721,0.0,20.18,141.2
2025-09-12 08:15:00+00:00,ERFT_A,2.691,0.0,20.19,141.0
2025-09-12 08:30:00+00:00,ERFT_A,2.618,0.0,20.44,140.5
2025-09-12 08:45:00+00:00,ERFT_A,2.561,0.0,20.18,140.0
2025-09-12 09:00:00+00:00,ERFT_A,2.507,0.0,20.22,139.6
2025-09-12 09:15:00+00:00,ERFT_A,2.345,0.0,20.1,138.3
2025-09-12 09:30:00+00:00,ERFT_A,2.253,0.0,19.71,137.5
2025-09-12 09:45:00+00:00,ERFT_A,2.432,0.0,19.97,139.0
2025-09-12 10:00:00+00:00,ERFT_A,2.315,0.0,20.53,138.0
2025-09-12 10:15:00+00:00,ERFT_A,2.25,0.0,19.65,137.5
2025-09-12 10:30:00+00:00,ERFT_A,2.381,0.0,19.58,138.6
2025-09-12 10:45:00+00:00,ERFT_A,2.22,0.0,20.22,137.2
2025-09-12 11:00:00+00:00,ERFT_A,2.279,0.0,19.8,137.7
2025-09-12 11:15:00+00:00,ERFT_A,2.347,0.0,19.89,138.3
2025-09-12 11:30:00+00:00,ERFT_A,2.405,0.0,20.68,138.8
2025-09-12 11:45:00+00:00,ERFT_A,2.072,0.0,20.36,136.0
2025-09-12 12:00:00+00:00,ERFT_A,2.241,0.0,19.91,137.4
2025-09-12 12:15:00+00:00,ERFT_A,2.106,0.0,19.77,136.3
2025-09-12 12:30:00+00:00,ERFT_A,2.086,0.0,19.99,136.1
2025-09-12 12:45:00+00:00,ERFT_A,2.175,0.0,19.63,136.9
2025-09-12 13:00:00+00:00,ERFT_A,1.965,0.0,18.86,135.0
2025-09-12 13:15:00+00:00,ERFT_A,2.106,0.0,19.66,136.3
2025-09-12 13:30:00+00:00,ERFT_A,1.995,1.88,19.87,135.3
2025-09-12 13:45:00+00:00,ERFT_A,2.085,0.0,19.66,136.1
2025-09-12 14:00:00+00:00,ERFT_A,2.123,0.0,19.25,136.4
2025-09-12 14:15:00+00:00,ERFT_A,1.981,0.0,19.83,135.2
2025-09-12 14:30:00+00:00,ERFT_A,2.227,1.73,19.71,137.3
2025-09-12 14:45:00+00:00,ERFT_A,2.209,0.0,19.52,137.2
2025-09-12 15:00:00+00:00,ERFT_A,2.091,0.0,19.84,136.2
2025-09-12 15:15:00+00:00,ERFT_A,1.939,0.0,19.54,134.8
2025-09-12 15:30:00+00:00,ERFT_A,2.049,0.0,19.39,135.8
2025-09-12 15:45:00+00:00,ERFT_A,1.932,0.0,19.86,134.7
2025-09-12 16:00:00+00:00,ERFT_A,2.009,0.0,19.57,135.4
2025-09-12 16:15:00+00:00,ERFT_A,1.979,0.0,19.55,135.2
2025-09-12 16:30:00+00:00,ERFT_A,1.997,0.0,19.03,135.3
2025-09-12 16:45:00+00:00,ERFT_A,1.988,0.0,19.16,135.2
2025-09-12 17:00:00+00:00,ERFT_A,1.839,0.0,19.23,133.9
2025-09-12 17:15:00+00:00,ERFT_A,1.91,0.0,19.23,134.6
2025-09-12 17:30:00+00:00,ERFT_A,1.913,0.0,19.13,134.6
2025-09-12 17:45:00+00:00,ERFT_A,1.95,0.0,18.81,134.9
2025-09-12 18:00:00+00:00,ERFT_A,1.902,0.0,18.99,134.5
2025-09-12 18:15:00+00:00,ERFT_A,1.924,0.0,18.71,134.7
2025-09-12 18:30:00+00:00,ERFT_A,2.006,1.15,19.41,135.4
2025-09-12 18:45:00+00:00,ERFT_A,1.897,0.0,19.03,134.4
2025-09-12 19:00:00+00:00,ERFT_A,2.027,3.77,18.39,135.6
2025-09-12 19:15:00+00:00,ERFT_A,2.06,0.0,18.67,135.9
2025-09-12 19:30:00+00:00,ERFT_A,1.926,0.0,18.97,134.7
2025-09-12 19:45:00+00:00,ERFT_A,2.103,0.0,18.85,136.3
2025-09-12 20:00:00+00:00,ERFT_A,2.034,0.0,18.67,135.7
2025-09-12 20:15:00+00:00,ERFT_A,1.89,0.0,18.95,134.4
2025-09-12 20:30:00+00:00,ERFT_A,2.0,2.47,18.46,135.4
2025-09-12 20:45:00+00:00,ERFT_A,2.146,0.0,18.26,136.6
2025-09-12 21:00:00+00:00,ERFT_A,2.175,0.0,19.06,136.9
2025-09-12 21:15:00+00:00,ERFT_A,2.178,0.0,18.41,136.9
2025-09-12 21:30:00+00:00,ERFT_A,2.182,0.0,18.42,136.9
2025-09-12 21:45:00+00:00,ERFT_A,2.262,0.0,18.7,137.6
2025-09-12 22:00:00+00:00,ERFT_A,2.142,0.0,18.16,136.6
2025-09-12 22:15:00+00:00,ERFT_A,2.09,0.0,18.33,136.1
2025-09-12 22:30:00+00:00,ERFT_A,2.045,0.0,18.46,135.8
2025-09-12 22:45:00+00:00,ERFT_A,2.13,0.0,18.31,136.5
2025-09-12 23:00:00+00:00,ERFT_A,2.374,0.0,17.95,138.5
2025-09-12 23:15:00+00:00,ERFT_A,2.184,0.0,18.37,136.9
2025-09-12 23:30:00+00:00,ERFT_A,2.122,0.0,18.41,136.4
2025-09-12 23:45:00+00:00,ERFT_A,2.13,0.0,18.64,136.5
2025-09-13 00:00:00+00:00,ERFT_A,2.05,0.0,18.47,135.8
2025-09-13 00:15:00+00:00,ERFT_A,2.27,0.0,17.72,137.7
2025-09-13 00:30:00+00:00,ERFT_A,2.211,0.0,18.31,137.2
2025-09-13 00:45:00+00:00,ERFT_A,2.381,0.0,17.79,138.6
2025-09-13 01:00:00+00:00,ERFT_A,2.138,0.0,17.83,136.6
2025-09-13 01:15:00+00:00,ERFT_A,2.442,5.47,18.26,139.1
2025-09-13 01:30:00+00:00,ERFT_A,2.506,0.0,17.72,139.6
2025-09-13 01:45:00+00:00,ERFT_A,2.446,2.24,17.75,139.1
2025-09-13 02:00:00+00:00,ERFT_A,2.456,0.0,17.42,139.2
2025-09-13 02:15:00+00:00,ERFT_A,2.721,0.0,17.94,141.2
2025-09-13 02:30:00+00:00,ERFT_A,2.514,0.0,17.32,139.6
2025-09-13 02:45:00+00:00,ERFT_A,2.51,0.0,18.16,139.6
2025-09-13 03:00:00+00:00,ERFT_A,2.535,0.0,17.5,139.8
2025-09-13 03:15:00+00:00,ERFT_A,2.624,0.0,17.64,140.5
2025-09-13 03:30:00+00:00,ERFT_A,2.39,0.0,17.56,138.6
2025-09-13 03:45:00+00:00,ERFT_A,2.421,0.0,17.56,138.9
2025-09-13 04:00:00+00:00,ERFT_A,2.519,0.0,17.65,139.7
2025-09-13 04:15:00+00:00,ERFT_A,2.512,0.0,17.08,139.6
2025-09-13 04:30:00+00:00,ERFT_A,2.309,0.0,17.63,138.0
2025-09-13 04:45:00+00:00,ERFT_A,2.409,0.0,17.33,138.8
2025-09-13 05:00:00+00:00,ERFT_A,2.545,0.0,16.96,139.9
2025-09-13 05:15:00+00:00,ERFT_A,2.344,0.0,17.19,138.3
2025-09-13 05:30:00+00:00,ERFT_A,2.568,0.91,17.07,140.1
2025-09-13 05:45:00+00:00,ERFT_A,2.458,0.0,17.24,139.2
2025-09-13 06:00:00+00:00,ERFT_A,2.439,0.0,16.91,139.0
2025-09-13 06:15:00+00:00,ERFT_A,2.472,0.0,17.08,139.3
2025-09-13 06:30:00+00:00,ERFT_A,2.495,0.0,16.88,139.5
2025-09-13 06:45:00+00:00,ERFT_A,2.431,0.0,17.27,139.0
2025-09-13 07:00:00+00:00,ERFT_A,2.457,4.31,16.96,139.2
2025-09-13 07:15:00+00:00,ERFT_A,2.576,0.0,16.89,140.1
2025-09-13 07:30:00+00:00,ERFT_A,2.523,0.0,16.37,139.7
2025-09-13 07:45:00+00:00,ERFT_A,2.66,0.0,17.1,140.8
2025-09-13 08:00:00+00:00,ERFT_A,2.413,0.0,16.88,138.8
2025-09-13 08:15:00+00:00,ERFT_A,2.436,0.0,16.43,139.0
2025-09-13 08:30:00+00:00,ERFT_A,2.536,0.0,16.69,139.8
2025-09-13 08:45:00+00:00,ERFT_A,2.537,0.0,16.91,139.8
2025-09-13 09:00:00+00:00,ERFT_A,2.382,0.0,16.28,138.6
2025-09-13 09:15:00+00:00,ERFT_A,2.327,0.0,16.64,138.1
2025-09-13 09:30:00+00:00,ERFT_A,2.346,0.0,16.54,138.3
2025-09-13 09:45:00+00:00,ERFT_A,2.48,0.0,16.06,139.4
2025-09-13 10:00:00+00:00,ERFT_A,2.385,0.0,16.31,138.6
2025-09-13 10:15:00+00:00,ERFT_A,2.17,0.0,16.46,136.8
2025-09-13 10:30:00+00:00,ERFT_A,2.279,0.0,16.23,137.7
2025-09-13 10:45:00+00:00,ERFT_A,2.311,0.0,16.58,138.0
2025-09-13 11:00:00+00:00,ERFT_A,2.186,0.0,16.07,137.0
2025-09-13 11:15:00+00:00,ERFT_A,2.24,0.0,15.96,137.4
2025-09-13 11:30:00+00:00,ERFT_A,2.47,7.17,15.98,139.3
2025-09-13 11:45:00+00:00,ERFT_A,2.45,0.0,16.31,139.1
2025-09-13 12:00:00+00:00,ERFT_A,2.334,2.2,15.97,138.2
2025-09-13 12:15:00+00:00,ERFT_A,2.467,1.72,15.6,139.3
2025-09-13 12:30:00+00:00,ERFT_A,2.244,0.0,16.13,137.4
2025-09-13 12:45:00+00:00,ERFT_A,2.245,0.0,15.98,137.5
2025-09-13 13:00:00+00:00,ERFT_A,2.27,0.0,15.95,137.7
2025-09-13 13:15:00+00:00,ERFT_A,2.212,0.0,16.31,137.2
2025-09-13 13:30:00+00:00,ERFT_A,2.113,0.0,15.39,136.3
2025-09-13 13:45:00+00:00,ERFT_A,1.954,1.39,15.76,134.9
2025-09-13 14:00:00+00:00,ERFT_A,2.263,0.0,15.67,137.6
2025-09-13 14:15:00+00:00,ERFT_A,2.124,0.0,15.8,136.4
2025-09-13 14:30:00+00:00,ERFT_A,2.098,0.0,15.95,136.2
2025-09-13 14:45:00+00:00,ERFT_A,1.995,0.0,15.53,135.3
2025-09-13 15:00:00+00:00,ERFT_A,1.886,0.0,15.42,134.3
2025-09-13 15:15:00+00:00,ERFT_A,1.844,1.89,15.22,133.9
2025-09-13 15:30:00+00:00,ERFT_A,1.986,0.0,14.81,135.2
2025-09-13 15:45:00+00:00,ERFT_A,1.805,0.0,15.75,133.6
2025-09-13 16:00:00+00:00,ERFT_A,2.009,0.0,14.75,135.4
2025-09-13 16:15:00+00:00,ERFT_A,1.951,0.0,15.0,134.9
2025-09-13 16:30:00+00:00,ERFT_A,1.858,0.0,15.65,134.1
2025-09-13 16:45:00+00:00,ERFT_A,1.891,0.0,14.74,134.4
2025-09-13 17:00:00+00:00,ERFT_A,1.927,0.0,14.71,134.7
2025-09-13 17:15:00+00:00,ERFT_A,1.911,0.0,14.75,134.6
2025-09-13 17:30:00+00:00,ERFT_A,1.854,0.0,15.4,134.0
2025-09-13 17:45:00+00:00,ERFT_A,1.934,0.0,14.63,134.8
2025-09-13 18:00:00+00:00,ERFT_A,1.865,0.0,15.17,134.1
2025-09-13 18:15:00+00:00,ERFT_A,1.918,0.0,14.95,134.6
2025-09-13 18:30:00+00:00,ERFT_A,2.033,0.0,14.31,135.6
2025-09-13 18:45:00+00:00,ERFT_A,2.012,0.0,14.94,135.5
2025-09-13 19:00:00+00:00,ERFT_A,1.974,0.0,14.63,135.1
2025-09-13 19:15:00+00:00,ERFT_A,1.925,0.0,14.21,134.7
2025-09-13 19:30:00+00:00,ERFT_A,2.013,0.0,14.11,135.5
2025-09-13 19:45:00+00:00,ERFT_A,2.006,4.02,14.77,135.4
2025-09-13 20:00:00+00:00,ERFT_A,2.038,0.0,14.35,135.7
2025-09-13 20:15:00+00:00,ERFT_A,2.07,0.0,14.13,136.0
2025-09-13 20:30:00+00:00,ERFT_A,2.008,0.73,13.99,135.4
2025-09-13 20:45:00+00:00,ERFT_A,2.096,0.0,14.34,136.2
2025-09-13 21:00:00+00:00,ERFT_A,2.097,0.0,14.35,136.2
2025-09-13 21:15:00+00:00,ERFT_A,2.098,0.0,13.83,136.2
2025-09-13 21:30:00+00:00,ERFT_A,2.003,0.0,14.12,135.4
2025-09-13 21:45:00+00:00,ERFT_A,2.107,0.0,14.03,136.3
2025-09-13 22:00:00+00:00,ERFT_A,1.928,0.0,13.65,134.7
2025-09-13 22:15:00+00:00,ERFT_A,2.226,0.0,14.21,137.3
2025-09-13 22:30:00+00:00,ERFT_A,2.034,0.0,14.12,135.7
2025-09-13 22:45:00+00:00,ERFT_A,2.045,0.0,14.27,135.8
2025-09-13 23:00:00+00:00,ERFT_A,2.048,0.0,14.39,135.8
2025-09-13 23:15:00+00:00,ERFT_A,2.168,0.0,13.83,136.8
2025-09-13 23:30:00+00:00,ERFT_A,2.305,0.0,13.64,138.0
2025-09-13 23:45:00+00:00,ERFT_A,2.148,0.0,13.22,136.6
2025-09-14 00:00:00+00:00,ERFT_A,2.196,0.0,13.58,137.0
2025-09-14 00:15:00+00:00,ERFT_A,2.321,0.0,14.36,138.1
2025-09-14 00:30:00+00:00,ERFT_A,2.254,0.0,13.52,137.5
2025-09-14 00:45:00+00:00,ERFT_A,2.239,0.0,13.74,137.4
2025-09-14 01:00:00+00:00,ERFT_A,2.256,1.64,13.77,137.5
2025-09-14 01:15:00+00:00,ERFT_A,2.495,0.0,13.78,139.5
2025-09-14 01:30:00+00:00,ERFT_A,2.203,0.0,13.63,137.1
2025-09-14 01:45:00+00:00,ERFT_A,2.379,0.0,13.71,138.6
2025-09-14 02:00:00+00:00,ERFT_A,2.322,0.0,12.99,138.1
2025-09-14 02:15:00+00:00,ERFT_A,2.451,0.0,13.35,139.1
2025-09-14 02:30:00+00:00,ERFT_A,2.215,0.0,13.55,137.2
2025-09-14 02:45:00+00:00,ERFT_A,2.458,0.0,13.5,139.2
2025-09-14 03:00:00+00:00,ERFT_A,2.367,0.0,13.35,138.5
2025-09-14 03:15:00+00:00,ERFT_A,2.368,0.0,13.63,138.5
2025-09-14 03:30:00+00:00,ERFT_A,2.475,0.0,12.89,139.3
2025-09-14 03:45:00+00:00,ERFT_A,2.424,0.0,13.34,138.9
2025-09-14 04:00:00+00:00,ERFT_A,2.594,0.0,12.9,140.3
2025-09-14 04:15:00+00:00,ERFT_A,2.459,0.0,13.15,139.2
2025-09-14 04:30:00+00:00,ERFT_A,2.399,0.03,12.84,138.7
2025-09-14 04:45:00+00:00,ERFT_A,2.495,0.0,12.85,139.5
2025-09-14 05:00:00+00:00,ERFT_A,2.519,0.0,12.61,139.7
2025-09-14 05:15:00+00:00,ERFT_A,2.4,0.0,12.72,138.7
2025-09-14 05:30:00+00:00,ERFT_A,2.47,0.0,12.77,139.3
2025-09-14 05:45:00+00:00,ERFT_A,2.548,0.0,12.97,139.9
2025-09-14 06:00:00+00:00,ERFT_A,2.566,0.0,13.05,140.0
2025-09-14 06:15:00+00:00,ERFT_A,2.533,0.0,13.1,139.8
2025-09-14 06:30:00+00:00,ERFT_A,2.447,0.0,12.05,139.1
2025-09-14 06:45:00+00:00,ERFT_A,2.511,0.0,12.81,139.6
2025-09-14 07:00:00+00:00,ERFT_A,2.52,0.0,12.43,139.7
2025-09-14 07:15:00+00:00,ERFT_A,2.415,0.0,12.86,138.9
2025-09-14 07:30:00+00:00,ERFT_A,2.471,0.0,12.3,139.3
2025-09-14 07:45:00+00:00,ERFT_A,2.287,0.0,12.48,137.8
2025-09-14 08:00:00+00:00,ERFT_A,2.531,1.87,12.51,139.8
2025-09-14 08:15:00+00:00,ERFT_A,2.347,0.0,12.54,138.3
2025-09-14 08:30:00+00:00,ERFT_A,2.528,0.0,12.24,139.7
2025-09-14 08:45:00+00:00,ERFT_A,2.405,0.0,12.32,138.8
2025-09-14 09:00:00+00:00,ERFT_A,2.441,1.25,13.06,139.1
2025-09-14 09:15:00+00:00,ERFT_A,2.347,0.0,11.76,138.3
2025-09-14 09:30:00+00:00,ERFT_A,2.576,0.0,12.91,140.1
2025-09-14 09:45:00+00:00,ERFT_A,2.445,0.0,12.09,139.1
2025-09-14 10:00:00+00:00,ERFT_A,2.356,0.0,12.41,138.4
2025-09-14 10:15:00+00:00,ERFT_A,2.247,0.0,12.74,137.5
2025-09-14 10:30:00+00:00,ERFT_A,2.338,0.0,12.22,138.2
2025-09-14 10:45:00+00:00,ERFT_A,2.255,0.0,12.16,137.5
2025-09-14 11:00:00+00:00,ERFT_A,2.276,0.0,12.49,137.7
2025-09-14 11:15:00+00:00,ERFT_A,2.187,0.0,12.22,137.0
2025-09-14 11:30:00+00:00,ERFT_A,2.237,0.0,12.47,137.4
2025-09-14 11:45:00+00:00,ERFT_A,2.228,0.0,11.57,137.3
2025-09-14 12:00:00+00:00,ERFT_A,2.244,2.04,12.22,137.4
2025-09-14 12:15:00+00:00,ERFT_A,2.192,0.0,11.75,137.0
2025-09-14 12:30:00+00:00,ERFT_A,2.189,0.0,11.61,137.0
2025-09-14 12:45:00+00:00,ERFT_A,2.129,0.0,11.74,136.5
2025-09-14 13:00:00+00:00,ERFT_A,1.992,0.0,11.93,135.3
2025-09-14 13:15:00+00:00,ERFT_A,1.99,0.0,11.33,135.3
2025-09-14 13:30:00+00:00,ERFT_A,2.007,0.0,11.96,135.4
2025-09-14 13:45:00+00:00,ERFT_A,2.028,1.68,11.73,135.6
2025-09-14 14:00:00+00:00,ERFT_A,2.152,0.0,11.55,136.7
2025-09-14 14:15:00+00:00,ERFT_A,1.979,0.0,12.38,135.2
2025-09-14 14:30:00+00:00,ERFT_A,2.119,0.0,11.63,136.4
2025-09-14 14:45:00+00:00,ERFT_A,1.93,0.0,11.94,134.7
2025-09-14 15:00:00+00:00,ERFT_A,1.851,0.0,11.76,134.0
2025-09-14 15:15:00+00:00,ERFT_A,2.02,0.0,12.11,135.5
2025-09-14 15:30:00+00:00,ERFT_A,2.189,0.0,11.9,137.0
2025-09-14 15:45:00+00:00,ERFT_A,1.999,0.0,11.74,135.3
2025-09-14 16:00:00+00:00,ERFT_A,1.859,0.0,11.81,134.1
2025-09-14 16:15:00+00:00,ERFT_A,1.906,0.0,11.74,134.5
2025-09-14 16:30:00+00:00,ERFT_A,2.004,1.09,11.7,135.4
2025-09-14 16:45:00+00:00,ERFT_A,1.965,0.0,11.96,135.0
2025-09-14 17:00:00+00:00,ERFT_A,1.966,0.0,11.94,135.1
2025-09-14 17:15:00+00:00,ERFT_A,1.921,1.99,11.51,134.7
2025-09-14 17:30:00+00:00,ERFT_A,2.047,0.0,11.71,135.8
2025-09-14 17:45:00+00:00,ERFT_A,2.058,0.0,11.45,135.9
2025-09-14 18:00:00+00:00,ERFT_A,1.991,0.0,11.39,135.3
2025-09-14 18:15:00+00:00,ERFT_A,1.962,0.0,11.45,135.0
2025-09-14 18:30:00+00:00,ERFT_A,1.994,0.0,11.26,135.3
2025-09-14 18:45:00+00:00,ERFT_A,1.842,0.0,11.52,133.9
2025-09-14 19:00:00+00:00,ERFT_A,1.998,1.69,11.48,135.3
2025-09-14 19:15:00+00:00,ERFT_A,1.961,0.0,11.57,135.0
2025-09-14 19:30:00+00:00,ERFT_A,1.859,0.0,11.09,134.1
2025-09-14 19:45:00+00:00,ERFT_A,1.932,0.0,10.71,134.7
2025-09-14 20:00:00+00:00,ERFT_A,1.96,0.0,10.91,135.0
2025-09-14 20:15:00+00:00,ERFT_A,1.947,0.0,10.94,134.9
2025-09-14 20:30:00+00:00,ERFT_A,2.032,0.0,11.14,135.6
2025-09-14 20:45:00+00:00,ERFT_A,2.065,0.0,11.19,135.9
2025-09-14 21:00:00+00:00,ERFT_A,2.016,0.0,10.87,135.5
2025-09-14 21:15:00+00:00,ERFT_A,2.033,0.0,11.6,135.6
2025-09-14 21:30:00+00:00,ERFT_A,2.046,0.0,10.89,135.8
2025-09-14 21:45:00+00:00,ERFT_A,2.132,0.0,10.96,136.5
2025-09-14 22:00:00+00:00,ERFT_A,2.067,0.0,11.04,135.9
2025-09-14 22:15:00+00:00,ERFT_A,2.015,0.0,10.7,135.5
2025-09-14 22:30:00+00:00,ERFT_A,2.173,0.0,11.23,136.9
2025-09-14 22:45:00+00:00,ERFT_A,2.164,0.0,10.9,136.8
2025-09-14 23:00:00+00:00,ERFT_A,2.201,0.0,10.93,137.1
2025-09-14 23:15:00+00:00,ERFT_A,2.212,0.0,11.23,137.2
2025-09-14 23:30:00+00:00,ERFT_A,2.205,0.0,11.26,137.1
2025-09-14 23:45:00+00:00,ERFT_A,2.072,0.0,10.83,136.0
2025-09-15 00:00:00+00:00,ERFT_A,2.16,0.0,10.72,136.7
2025-09-15 00:15:00+00:00,ERFT_A,2.175,0.0,11.42,136.9
2025-09-15 00:30:00+00:00,ERFT_A,2.232,0.0,10.96,137.3
2025-09-15 00:45:00+00:00,ERFT_A,2.239,0.0,10.79,137.4
2025-09-15 01:00:00+00:00,ERFT_A,2.316,0.0,10.88,138.0
2025-09-15 01:15:00+00:00,ERFT_A,2.384,0.0,11.02,138.6
2025-09-15 01:30:00+00:00,ERFT_A,2.194,0.0,10.78,137.0
2025-09-15 01:45:00+00:00,ERFT_A,2.384,0.0,10.66,138.6
2025-09-15 02:00:00+00:00,ERFT_A,2.353,0.0,10.81,138.3
2025-09-15 02:15:00+00:00,ERFT_A,2.472,0.0,10.58,139.3
2025-09-15 02:30:00+00:00,ERFT_A,2.3,0.0,10.39,137.9
2025-09-15 02:45:00+00:00,ERFT_A,2.349,0.0,11.18,138.3
2025-09-15 03:00:00+00:00,ERFT_A,2.583,0.0,10.78,140.2
2025-09-15 03:15:00+00:00,ERFT_A,2.32,0.0,10.98,138.1
2025-09-15 03:30:00+00:00,ERFT_A,2.518,0.0,11.12,139.7
2025-09-15 03:45:00+00:00,ERFT_A,2.524,0.0,11.29,139.7
2025-09-15 04:00:00+00:00,ERFT_A,2.513,0.0,11.06,139.6
2025-09-15 04:15:00+00:00,ERFT_A,2.492,0.0,11.11,139.5
2025-09-15 04:30:00+00:00,ERFT_A,2.495,0.0,11.25,139.5
2025-09-15 04:45:00+00:00,ERFT_A,2.477,0.0,11.03,139.3
2025-09-15 05:00:00+00:00,ERFT_A,2.36,0.0,11.4,138.4
2025-09-15 05:15:00+00:00,ERFT_A,2.48,0.0,10.97,139.4
2025-09-15 05:30:00+00:00,ERFT_A,2.458,0.0,10.91,139.2
2025-09-15 05:45:00+00:00,ERFT_A,2.519,0.0,10.94,139.7
2025-09-15 06:00:00+00:00,ERFT_A,2.507,0.0,11.23,139.6
2025-09-15 06:15:00+00:00,ERFT_A,2.463,0.0,11.17,139.2
2025-09-15 06:30:00+00:00,ERFT_A,2.455,0.0,10.64,139.2
2025-09-15 06:45:00+00:00,ERFT_A,2.601,0.0,10.98,140.3
2025-09-15 07:00:00+00:00,ERFT_A,2.506,0.0,11.31,139.6
2025-09-15 07:15:00+00:00,ERFT_A,2.406,0.0,11.52,138.8
2025-09-15 07:30:00+00:00,ERFT_A,2.405,0.0,10.98,138.8
2025-09-15 07:45:00+00:00,ERFT_A,2.472,0.0,10.85,139.3
2025-09-15 08:00:00+00:00,ERFT_A,2.435,0.0,10.88,139.0
2025-09-15 08:15:00+00:00,ERFT_A,2.286,0.0,11.2,137.8
2025-09-15 08:30:00+00:00,ERFT_A,2.27,0.0,10.93,137.7
2025-09-15 08:45:00+00:00,ERFT_A,2.438,4.84,11.29,139.0
2025-09-15 09:00:00+00:00,ERFT_A,2.399,0.0,11.04,138.7
2025-09-15 09:15:00+00:00,ERFT_A,2.362,0.0,11.49,138.4
2025-09-15 09:30:00+00:00,ERFT_A,2.51,0.0,11.03,139.6
2025-09-15 09:45:00+00:00,ERFT_A,2.524,0.0,11.44,139.7
2025-09-15 10:00:00+00:00,ERFT_A,2.325,0.0,11.61,138.1
2025-09-15 10:15:00+00:00,ERFT_A,2.419,0.0,11.4,138.9
2025-09-15 10:30:00+00:00,ERFT_A,2.386,0.0,10.92,138.6
2025-09-15 10:45:00+00:00,ERFT_A,2.309,0.0,11.27,138.0
2025-09-15 11:00:00+00:00,ERFT_A,2.107,0.0,10.59,136.3
2025-09-15 11:15:00+00:00,ERFT_A,2.127,0.0,11.61,136.5
2025-09-15 11:30:00+00:00,ERFT_A,2.036,0.0,10.31,135.7
2025-09-15 11:45:00+00:00,ERFT_A,2.327,0.0,10.74,138.1
2025-09-15 12:00:00+00:00,ERFT_A,2.356,0.0,10.79,138.4
2025-09-15 12:15:00+00:00,ERFT_A,2.148,0.0,11.36,136.6
2025-09-15 12:30:00+00:00,ERFT_A,2.135,0.0,11.25,136.5
2025-09-15 12:45:00+00:00,ERFT_A,2.081,0.0,10.97,136.1
2025-09-15 13:00:00+00:00,ERFT_A,2.126,0.0,11.47,136.5
2025-09-15 13:15:00+00:00,ERFT_A,2.104,0.0,11.27,136.3
2025-09-15 13:30:00+00:00,ERFT_A,2.044,0.0,11.15,135.7
2025-09-15 13:45:00+00:00,ERFT_A,2.146,0.55,11.21,136.6
2025-09-15 14:00:00+00:00,ERFT_A,1.86,0.0,11.23,134.1
2025-09-15 14:15:00+00:00,ERFT_A,2.026,0.0,11.61,135.6
2025-09-15 14:30:00+00:00,ERFT_A,1.987,0.0,11.33,135.2
2025-09-15 14:45:00+00:00,ERFT_A,2.113,0.61,11.44,136.3
2025-09-15 15:00:00+00:00,ERFT_A,1.993,0.0,11.26,135.3
2025-09-15 15:15:00+00:00,ERFT_A,2.074,0.0,11.39,136.0
2025-09-15 15:30:00+00:00,ERFT_A,1.853,0.0,11.57,134.0
2025-09-15 15:45:00+00:00,ERFT_A,1.85,0.0,11.27,134.0
2025-09-15 16:00:00+00:00,ERFT_A,2.087,0.0,11.27,136.1
2025-09-15 16:15:00+00:00,ERFT_A,1.87,0.0,11.25,134.2
2025-09-15 16:30:00+00:00,ERFT_A,1.936,0.0,11.5,134.8
2025-09-15 16:45:00+00:00,ERFT_A,2.017,0.0,11.54,135.5
2025-09-15 17:00:00+00:00,ERFT_A,1.861,0.0,11.41,134.1
2025-09-15 17:15:00+00:00,ERFT_A,1.939,0.0,11.4,134.8
2025-09-15 17:30:00+00:00,ERFT_A,1.967,0.0,11.27,135.1
2025-09-15 17:45:00+00:00,ERFT_A,1.88,0.0,11.87,134.3
2025-09-15 18:00:00+00:00,ERFT_A,1.963,0.0,11.21,135.0
2025-09-15 18:15:00+00:00,ERFT_A,1.903,0.0,11.21,134.5
2025-09-15 18:30:00+00:00,ERFT_A,1.954,2.58,11.77,134.9
2025-09-15 18:45:00+00:00,ERFT_A,1.987,0.0,11.3,135.2
2025-09-15 19:00:00+00:00,ERFT_A,1.893,0.0,11.74,134.4
2025-09-15 19:15:00+00:00,ERFT_A,1.903,0.0,11.9,134.5
2025-09-15 19:30:00+00:00,ERFT_A,2.058,0.0,11.72,135.9
2025-09-15 19:45:00+00:00,ERFT_A,2.044,0.0,11.96,135.7
2025-09-15 20:00:00+00:00,ERFT_A,2.122,0.0,11.63,136.4
2025-09-15 20:15:00+00:00,ERFT_A,2.047,0.0,11.78,135.8
2025-09-15 20:30:00+00:00,ERFT_A,1.915,0.0,11.76,134.6
2025-09-15 20:45:00+00:00,ERFT_A,1.988,0.0,11.87,135.2
2025-09-15 21:00:00+00:00,ERFT_A,1.974,0.0,11.94,135.1
2025-09-15 21:15:00+00:00,ERFT_A,1.988,0.0,11.71,135.2
2025-09-15 21:30:00+00:00,ERFT_A,2.089,1.6,11.27,136.1
2025-09-15 21:45:00+00:00,ERFT_A,1.958,0.0,11.68,135.0
2025-09-15 22:00:00+00:00,ERFT_A,2.153,0.0,11.71,136.7
2025-09-15 22:15:00+00:00,ERFT_A,2.159,0.0,12.14,136.7
2025-09-15 22:30:00+00:00,ERFT_A,2.135,0.0,12.02,136.5
2025-09-15 22:45:00+00:00,ERFT_A,2.116,0.0,12.06,136.4
2025-09-15 23:00:00+00:00,ERFT_A,2.266,0.0,12.29,137.6
2025-09-15 23:15:00+00:00,ERFT_A,2.115,0.0,12.0,136.4
2025-09-15 23:30:00+00:00,ERFT_A,2.235,0.0,11.93,137.4
2025-09-15 23:45:00+00:00,ERFT_A,2.191,0.0,12.49,137.0
2025-09-16 00:00:00+00:00,ERFT_A,2.096,0.0,12.1,136.2
2025-09-16 00:15:00+00:00,ERFT_A,2.317,0.0,12.31,138.1
2025-09-16 00:30:00+00:00,ERFT_A,2.209,0.0,12.74,137.2
2025-09-16 00:45:00+00:00,ERFT_A,2.245,0.0,12.33,137.5
2025-09-16 01:00:00+00:00,ERFT_A,2.219,0.0,12.45,137.2
2025-09-16 01:15:00+00:00,ERFT_A,2.294,0.0,11.98,137.9
2025-09-16 01:30:00+00:00,ERFT_A,2.382,0.0,11.98,138.6
2025-09-16 01:45:00+00:00,ERFT_A,2.433,4.27,12.23,139.0
2025-09-16 02:00:00+00:00,ERFT_A,2.286,0.0,12.08,137.8
2025-09-16 02:15:00+00:00,ERFT_A,2.492,0.0,11.85,139.5
2025-09-16 02:30:00+00:00,ERFT_A,2.436,0.0,12.1,139.0
2025-09-16 02:45:00+00:00,ERFT_A,2.567,0.0,12.66,140.1
2025-09-16 03:00:00+00:00,ERFT_A,2.497,0.0,12.07,139.5
2025-09-16 03:15:00+00:00,ERFT_A,2.635,0.0,12.62,140.6
2025-09-16 03:30:00+00:00,ERFT_A,2.593,0.0,12.55,140.3
2025-09-16 03:45:00+00:00,ERFT_A,2.514,0.0,13.07,139.6
2025-09-16 04:00:00+00:00,ERFT_A,2.49,0.0,13.01,139.4
2025-09-16 04:15:00+00:00,ERFT_A,2.489,0.0,12.97,139.4
2025-09-16 04:30:00+00:00,ERFT_A,2.457,0.0,12.64,139.2
2025-09-16 04:45:00+00:00,ERFT_A,2.669,0.0,13.38,140.8
2025-09-16 05:00:00+00:00,ERFT_A,2.494,0.0,13.01,139.5
2025-09-16 05:15:00+00:00,ERFT_A,2.465,0.91,12.59,139.3
2025-09-16 05:30:00+00:00,ERFT_A,2.45,0.0,13.01,139.1
2025-09-16 05:45:00+00:00,ERFT_A,2.592,0.0,12.8,140.2
2025-09-16 06:00:00+00:00,ERFT_A,2.409,0.41,12.65,138.8
2025-09-16 06:15:00+00:00,ERFT_A,2.536,0.0,12.98,139.8
2025-09-16 06:30:00+00:00,ERFT_A,2.674,0.0,12.62,140.9
2025-09-16 06:45:00+00:00,ERFT_A,2.557,0.0,12.83,140.0
2025-09-16 07:00:00+00:00,ERFT_A,2.683,2.2,13.09,140.9
2025-09-16 07:15:00+00:00,ERFT_A,2.463,0.0,13.23,139.2
2025-09-16 07:30:00+00:00,ERFT_A,2.537,0.0,12.78,139.8
2025-09-16 07:45:00+00:00,ERFT_A,2.468,0.0,13.12,139.3
2025-09-16 08:00:00+00:00,ERFT_A,2.536,0.0,13.35,139.8
2025-09-16 08:15:00+00:00,ERFT_A,2.359,0.0,13.49,138.4
2025-09-16 08:30:00+00:00,ERFT_A,2.428,0.0,13.13,139.0
2025-09-16 08:45:00+00:00,ERFT_A,2.421,0.0,13.81,138.9
2025-09-16 09:00:00+00:00,ERFT_A,2.455,0.0,13.57,139.2
2025-09-16 09:15:00+00:00,ERFT_A,2.288,0.0,13.53,137.8
2025-09-16 09:30:00+00:00,ERFT_A,2.55,0.0,13.42,139.9
2025-09-16 09:45:00+00:00,ERFT_A,2.33,0.0,13.12,138.2
2025-09-16 10:00:00+00:00,ERFT_A,2.372,0.0,13.42,138.5
2025-09-16 10:15:00+00:00,ERFT_A,2.289,0.0,13.32,137.8
2025-09-16 10:30:00+00:00,ERFT_A,2.211,0.0,13.6,137.2
2025-09-16 10:45:00+00:00,ERFT_A,2.285,0.0,14.11,137.8
2025-09-16 11:00:00+00:00,ERFT_A,2.284,0.0,13.16,137.8
2025-09-16 11:15:00+00:00,ERFT_A,2.235,2.26,13.65,137.4
2025-09-16 11:30:00+00:00,ERFT_A,2.284,0.0,13.89,137.8
2025-09-16 11:45:00+00:00,ERFT_A,2.283,0.0,14.29,137.8
2025-09-16 12:00:00+00:00,ERFT_A,2.29,0.0,13.66,137.8
2025-09-16 12:15:00+00:00,ERFT_A,2.173,0.79,13.5,136.9
2025-09-16 12:30:00+00:00,ERFT_A,2.069,0.0,14.46,136.0
2025-09-16 12:45:00+00:00,ERFT_A,2.128,0.0,13.61,136.5
2025-09-16 13:00:00+00:00,ERFT_A,2.22,0.0,14.12,137.2
2025-09-16 13:15:00+00:00,ERFT_A,2.154,0.0,14.01,136.7
2025-09-16 13:30:00+00:00,ERFT_A,2.006,0.0,14.15,135.4
2025-09-16 13:45:00+00:00,ERFT_A,2.137,0.0,13.71,136.5
2025-09-16 14:00:00+00:00,ERFT_A,2.099,0.0,14.84,136.2
2025-09-16 14:15:00+00:00,ERFT_A,2.027,0.0,14.76,135.6
2025-09-16 14:30:00+00:00,ERFT_A,2.035,0.0,14.41,135.7
2025-09-16 14:45:00+00:00,ERFT_A,1.925,0.0,14.9,134.7
2025-09-16 15:00:00+00:00,ERFT_A,1.991,0.0,14.14,135.3
2025-09-16 15:15:00+00:00,ERFT_A,1.915,1.98,14.42,134.6
2025-09-16 15:30:00+00:00,ERFT_A,1.985,0.0,14.65,135.2
2025-09-16 15:45:00+00:00,ERFT_A,1.974,0.0,14.09,135.1
2025-09-16 16:00:00+00:00,ERFT_A,1.858,3.65,14.34,134.1
2025-09-16 16:15:00+00:00,ERFT_A,1.997,0.0,14.45,135.3
2025-09-16 16:30:00+00:00,ERFT_A,1.979,0.0,14.89,135.2
2025-09-16 16:45:00+00:00,ERFT_A,1.998,0.0,14.64,135.3
2025-09-16 17:00:00+00:00,ERFT_A,2.023,0.0,14.43,135.6
2025-09-16 17:15:00+00:00,ERFT_A,1.99,0.0,14.62,135.3
2025-09-16 17:30:00+00:00,ERFT_A,1.887,0.0,15.18,134.3
2025-09-16 17:45:00+00:00,ERFT_A,1.92,0.0,15.18,134.6
2025-09-16 18:00:00+00:00,ERFT_A,1.934,0.0,14.81,134.8
2025-09-16 18:15:00+00:00,ERFT_A,1.831,0.0,15.34,133.8
2025-09-16 18:30:00+00:00,ERFT_A,2.051,4.29,15.28,135.8
2025-09-16 18:45:00+00:00,ERFT_A,2.01,0.0,14.79,135.4
2025-09-16 19:00:00+00:00,ERFT_A,1.966,0.0,14.82,135.1
2025-09-16 19:15:00+00:00,ERFT_A,1.974,0.0,15.5,135.1
2025-09-16 19:30:00+00:00,ERFT_A,1.99,0.0,15.1,135.3
2025-09-16 19:45:00+00:00,ERFT_A,1.99,0.0,15.22,135.3
2025-09-16 20:00:00+00:00,ERFT_A,2.038,0.0,15.67,135.7
2025-09-16 20:15:00+00:00,ERFT_A,2.02,0.0,15.59,135.5
2025-09-16 20:30:00+00:00,ERFT_A,2.114,0.0,14.92,136.3
2025-09-16 20:45:00+00:00,ERFT_A,1.944,0.0,15.57,134.9
2025-09-16 21:00:00+00:00,ERFT_A,2.073,0.0,15.16,136.0
2025-09-16 21:15:00+00:00,ERFT_A,2.041,0.0,15.37,135.7
2025-09-16 21:30:00+00:00,ERFT_A,2.003,0.0,15.41,135.4
2025-09-16 21:45:00+00:00,ERFT_A,2.111,0.0,15.88,136.3
2025-09-16 22:00:00+00:00,ERFT_A,2.086,0.0,15.66,136.1
2025-09-16 22:15:00+00:00,ERFT_A,2.151,0.0,16.0,136.7
2025-09-16 22:30:00+00:00,ERFT_A,2.05,0.0,16.0,135.8
2025-09-16 22:45:00+00:00,ERFT_A,2.19,0.0,16.1,137.0
2025-09-16 23:00:00+00:00,ERFT_A,2.062,0.0,15.71,135.9
2025-09-16 23:15:00+00:00,ERFT_A,2.22,0.0,15.69,137.2
2025-09-16 23:30:00+00:00,ERFT_A,2.232,0.0,15.92,137.3
2025-09-16 23:45:00+00:00,ERFT_A,2.159,1.53,15.98,136.7
2025-09-10 00:00:00+00:00,ERFT_B,3.578,0.0,15.27,147.3
2025-09-10 00:15:00+00:00,ERFT_B,3.536,0.0,15.08,147.0
2025-09-10 00:30:00+00:00,ERFT_B,3.553,0.0,15.21,147.1
2025-09-10 00:45:00+00:00,ERFT_B,3.545,0.0,14.87,147.1
2025-09-10 01:00:00+00:00,ERFT_B,3.41,0.0,14.72,146.2
2025-09-10 01:15:00+00:00,ERFT_B,3.51,0.0,15.14,146.8
2025-09-10 01:30:00+00:00,ERFT_B,3.711,0.0,15.13,148.2
2025-09-10 01:45:00+00:00,ERFT_B,3.514,0.0,15.21,146.9
2025-09-10 02:00:00+00:00,ERFT_B,3.684,0.0,15.84,148.0
2025-09-10 02:15:00+00:00,ERFT_B,3.609,0.0,15.0,147.5
2025-09-10 02:30:00+00:00,ERFT_B,3.531,0.61,15.37,147.0
2025-09-10 02:45:00+00:00,ERFT_B,3.697,0.0,15.19,148.1
2025-09-10 03:00:00+00:00,ERFT_B,3.761,0.0,15.22,148.5
2025-09-10 03:15:00+00:00,ERFT_B,3.668,0.0,15.18,147.9
2025-09-10 03:30:00+00:00,ERFT_B,3.717,0.0,15.98,148.2
2025-09-10 03:45:00+00:00,ERFT_B,3.501,0.0,15.7,146.8
2025-09-10 04:00:00+00:00,ERFT_B,3.623,0.0,16.0,147.6
2025-09-10 04:15:00+00:00,ERFT_B,3.991,0.0,15.76,149.9
2025-09-10 04:30:00+00:00,ERFT_B,3.715,0.0,15.98,148.2
2025-09-10 04:45:00+00:00,ERFT_B,3.786,0.0,15.61,148.6
2025-09-10 05:00:00+00:00,ERFT_B,3.675,0.0,16.34,147.9
2025-09-10 05:15:00+00:00,ERFT_B,3.872,0.0,15.93,149.2
2025-09-10 05:30:00+00:00,ERFT_B,3.822,0.0,15.79,148.9
2025-09-10 05:45:00+00:00,ERFT_B,3.759,0.0,16.25,148.5
2025-09-10 06:00:00+00:00,ERFT_B,3.809,0.0,16.02,148.8
2025-09-10 06:15:00+00:00,ERFT_B,3.758,0.0,16.07,148.5
2025-09-10 06:30:00+00:00,ERFT_B,3.844,1.56,15.57,149.0
2025-09-10 06:45:00+00:00,ERFT_B,3.944,3.17,16.02,149.6
2025-09-10 07:00:00+00:00,ERFT_B,3.969,0.0,16.57,149.8
2025-09-10 07:15:00+00:00,ERFT_B,3.801,0.0,16.77,148.7
2025-09-10 07:30:00+00:00,ERFT_B,3.899,2.11,16.62,149.4
2025-09-10 07:45:00+00:00,ERFT_B,3.921,0.0,16.27,149.5
2025-09-10 08:00:00+00:00,ERFT_B,3.882,0.0,16.76,149.3
2025-09-10 08:15:00+00:00,ERFT_B,3.806,0.0,16.15,148.8
2025-09-10 08:30:00+00:00,ERFT_B,3.814,0.0,16.19,148.8
2025-09-10 08:45:00+00:00,ERFT_B,3.684,0.0,16.72,148.0
2025-09-10 09:00:00+00:00,ERFT_B,3.9,0.0,17.65,149.4
2025-09-10 09:15:00+00:00,ERFT_B,3.719,0.0,16.43,148.2
2025-09-10 09:30:00+00:00,ERFT_B,3.67,0.0,16.41,147.9
2025-09-10 09:45:00+00:00,ERFT_B,3.755,0.0,16.95,148.4
2025-09-10 10:00:00+00:00,ERFT_B,3.62,0.0,16.85,147.6
2025-09-10 10:15:00+00:00,ERFT_B,3.53,0.0,16.79,147.0
2025-09-10 10:30:00+00:00,ERFT_B,3.667,0.0,16.3,147.9
2025-09-10 10:45:00+00:00,ERFT_B,3.54,0.0,16.91,147.0
2025-09-10 11:00:00+00:00,ERFT_B,3.671,0.0,16.93,147.9
2025-09-10 11:15:00+00:00,ERFT_B,3.547,0.0,17.21,147.1
2025-09-10 11:30:00+00:00,ERFT_B,3.593,0.0,17.43,147.4
2025-09-10 11:45:00+00:00,ERFT_B,3.652,0.0,16.83,147.8
2025-09-10 12:00:00+00:00,ERFT_B,3.534,0.0,17.25,147.0
2025-09-10 12:15:00+00:00,ERFT_B,3.417,0.0,16.92,146.2
2025-09-10 12:30:00+00:00,ERFT_B,3.41,0.0,17.24,146.2
2025-09-10 12:45:00+00:00,ERFT_B,3.445,0.74,17.45,146.4
2025-09-10 13:00:00+00:00,ERFT_B,3.461,0.0,16.84,146.5
2025-09-10 13:15:00+00:00,ERFT_B,3.354,0.0,17.25,145.8
2025-09-10 13:30:00+00:00,ERFT_B,3.372,0.0,17.07,145.9
2025-09-10 13:45:00+00:00,ERFT_B,3.52,0.0,17.51,146.9
2025-09-10 14:00:00+00:00,ERFT_B,3.329,0.0,17.73,145.6
2025-09-10 14:15:00+00:00,ERFT_B,3.241,0.0,17.76,145.0
2025-09-10 14:30:00+00:00,ERFT_B,3.43,0.0,17.31,146.3
2025-09-10 14:45:00+00:00,ERFT_B,3.417,0.0,17.63,146.2
2025-09-10 15:00:00+00:00,ERFT_B,3.28,0.0,17.39,145.3
2025-09-10 15:15:00+00:00,ERFT_B,3.325,0.0,17.12,145.6
2025-09-10 15:30:00+00:00,ERFT_B,3.221,3.7,17.76,144.9
2025-09-10 15:45:00+00:00,ERFT_B,3.3,0.0,17.77,145.4
2025-09-10 16:00:00+00:00,ERFT_B,3.263,0.0,17.49,145.2
2025-09-10 16:15:00+00:00,ERFT_B,3.255,0.0,17.61,145.1
2025-09-10 16:30:00+00:00,ERFT_B,3.231,0.0,18.02,144.9
2025-09-10 16:45:00+00:00,ERFT_B,3.319,0.0,17.73,145.5
2025-09-10 17:00:00+00:00,ERFT_B,3.403,0.0,17.79,146.1
2025-09-10 17:15:00+00:00,ERFT_B,3.346,0.0,18.16,145.7
2025-09-10 17:30:00+00:00,ERFT_B,3.274,0.0,18.29,145.2
2025-09-10 17:45:00+00:00,ERFT_B,3.263,0.91,18.21,145.2
2025-09-10 18:00:00+00:00,ERFT_B,3.221,0.0,18.06,144.9
2025-09-10 18:15:00+00:00,ERFT_B,3.213,0.0,17.52,144.8
2025-09-10 18:30:00+00:00,ERFT_B,3.267,0.0,19.01,145.2
2025-09-10 18:45:00+00:00,ERFT_B,3.141,0.0,19.03,144.3
2025-09-10 19:00:00+00:00,ERFT_B,3.246,0.0,18.58,145.0
2025-09-10 19:15:00+00:00,ERFT_B,3.182,0.0,18.13,144.6
2025-09-10 19:30:00+00:00,ERFT_B,3.171,1.75,18.49,144.5
2025-09-10 19:45:00+00:00,ERFT_B,3.196,0.0,18.44,144.7
2025-09-10 20:00:00+00:00,ERFT_B,3.233,0.0,18.28,145.0
2025-09-10 20:15:00+00:00,ERFT_B,3.465,0.0,18.04,146.5
2025-09-10 20:30:00+00:00,ERFT_B,3.236,0.0,18.39,145.0
2025-09-10 20:45:00+00:00,ERFT_B,3.268,0.0,18.28,145.2
2025-09-10 21:00:00+00:00,ERFT_B,3.288,0.0,18.26,145.3
2025-09-10 21:15:00+00:00,ERFT_B,3.244,0.0,18.29,145.0
2025-09-10 21:30:00+00:00,ERFT_B,3.31,0.0,18.08,145.5
2025-09-10 21:45:00+00:00,ERFT_B,3.402,0.0,18.69,146.1
2025-09-10 22:00:00+00:00,ERFT_B,3.358,0.0,18.87,145.8
2025-09-10 22:15:00+00:00,ERFT_B,3.436,0.0,18.99,146.3
2025-09-10 22:30:00+00:00,ERFT_B,3.377,0.0,18.59,145.9
2025-09-10 22:45:00+00:00,ERFT_B,3.429,0.0,18.76,146.3
2025-09-10 23:00:00+00:00,ERFT_B,3.54,0.0,18.46,147.0
2025-09-10 23:15:00+00:00,ERFT_B,3.342,1.27,18.38,145.7
2025-09-10 23:30:00+00:00,ERFT_B,3.582,0.0,18.44,147.3
2025-09-10 23:45:00+00:00,ERFT_B,3.562,0.0,19.07,147.2
2025-09-11 00:00:00+00:00,ERFT_B,3.642,0.0,18.93,147.7
2025-09-11 00:15:00+00:00,ERFT_B,3.515,0.0,18.62,146.9
2025-09-11 00:30:00+00:00,ERFT_B,3.485,0.0,18.95,146.7
2025-09-11 00:45:00+00:00,ERFT_B,3.66,0.76,18.86,147.8
2025-09-11 01:00:00+00:00,ERFT_B,3.615,0.0,18.91,147.5
2025-09-11 01:15:00+00:00,ERFT_B,3.799,0.0,18.88,148.7
2025-09-11 01:30:00+00:00,ERFT_B,3.502,0.0,19.17,146.8
2025-09-11 01:45:00+00:00,ERFT_B,3.636,0.0,19.21,147.7
2025-09-11 02:00:00+00:00,ERFT_B,3.596,1.59,19.02,147.4
2025-09-11 02:15:00+00:00,ERFT_B,3.772,0.0,19.16,148.6
2025-09-11 02:30:00+00:00,ERFT_B,3.707,0.0,18.94,148.1
2025-09-11 02:45:00+00:00,ERFT_B,3.603,0.0,18.92,147.5
2025-09-11 03:00:00+00:00,ERFT_B,3.838,0.0,19.36,149.0
2025-09-11 03:15:00+00:00,ERFT_B,3.772,0.0,19.19,148.6
2025-09-11 03:30:00+00:00,ERFT_B,3.666,0.0,18.96,147.9
2025-09-11 03:45:00+00:00,ERFT_B,3.786,0.0,19.82,148.6
2025-09-11 04:00:00+00:00,ERFT_B,3.728,0.0,19.27,148.3
2025-09-11 04:15:00+00:00,ERFT_B,3.993,3.13,18.76,150.0
2025-09-11 04:30:00+00:00,ERFT_B,3.929,0.0,19.44,149.6
2025-09-11 04:45:00+00:00,ERFT_B,3.823,0.0,19.32,148.9
2025-09-11 05:00:00+00:00,ERFT_B,3.797,0.0,19.62,148.7
2025-09-11 05:15:00+00:00,ERFT_B,3.711,0.0,19.68,148.2
2025-09-11 05:30:00+00:00,ERFT_B,3.711,0.0,19.12,148.2
2025-09-11 05:45:00+00:00,ERFT_B,3.928,0.0,19.58,149.5
2025-09-11 06:00:00+00:00,ERFT_B,3.853,0.0,19.67,149.1
2025-09-11 06:15:00+00:00,ERFT_B,3.749,1.71,19.55,148.4
2025-09-11 06:30:00+00:00,ERFT_B,3.884,0.0,19.95,149.3
2025-09-11 06:45:00+00:00,ERFT_B,3.891,0.0,19.72,149.3
2025-09-11 07:00:00+00:00,ERFT_B,3.811,0.0,19.44,148.8
2025-09-11 07:15:00+00:00,ERFT_B,3.766,0.0,19.63,148.5
2025-09-11 07:30:00+00:00,ERFT_B,3.72,0.0,19.39,148.2
2025-09-11 07:45:00+00:00,ERFT_B,3.877,0.0,19.65,149.2
2025-09-11 08:00:00+00:00,ERFT_B,3.852,0.0,19.57,149.1
2025-09-11 08:15:00+00:00,ERFT_B,3.863,0.0,19.97,149.1
2025-09-11 08:30:00+00:00,ERFT_B,3.823,0.0,20.26,148.9
2025-09-11 08:45:00+00:00,ERFT_B,3.716,0.0,19.84,148.2
2025-09-11 09:00:00+00:00,ERFT_B,3.592,0.0,19.97,147.4
2025-09-11 09:15:00+00:00,ERFT_B,3.727,0.0,19.8,148.3
2025-09-11 09:30:00+00:00,ERFT_B,3.573,0.0,19.28,147.3
2025-09-11 09:45:00+00:00,ERFT_B,3.703,0.0,19.74,148.1
2025-09-11 10:00:00+00:00,ERFT_B,3.772,0.0,20.25,148.6
2025-09-11 10:15:00+00:00,ERFT_B,3.549,0.0,19.8,147.1
2025-09-11 10:30:00+00:00,ERFT_B,3.75,0.0,19.83,148.4
2025-09-11 10:45:00+00:00,ERFT_B,3.595,0.0,19.71,147.4
2025-09-11 11:00:00+00:00,ERFT_B,3.645,0.0,19.71,147.7
2025-09-11 11:15:00+00:00,ERFT_B,3.701,0.0,20.11,148.1
2025-09-11 11:30:00+00:00,ERFT_B,3.472,0.0,20.41,146.6
2025-09-11 11:45:00+00:00,ERFT_B,3.614,0.0,19.83,147.5
2025-09-11 12:00:00+00:00,ERFT_B,3.379,0.0,19.62,146.0
2025-09-11 12:15:00+00:00,ERFT_B,3.589,0.0,19.75,147.4
2025-09-11 12:30:00+00:00,ERFT_B,3.418,0.0,19.68,146.2
2025-09-11 12:45:00+00:00,ERFT_B,3.271,0.0,19.61,145.2
2025-09-11 13:00:00+00:00,ERFT_B,3.379,0.0,19.14,146.0
2025-09-11 13:15:00+00:00,ERFT_B,3.252,0.0,19.24,145.1
2025-09-11 13:30:00+00:00,ERFT_B,3.291,0.0,19.83,145.4
2025-09-11 13:45:00+00:00,ERFT_B,3.331,0.0,20.07,145.6
2025-09-11 14:00:00+00:00,ERFT_B,3.358,0.0,20.55,145.8
2025-09-11 14:15:00+00:00,ERFT_B,3.167,0.0,20.05,144.5
2025-09-11 14:30:00+00:00,ERFT_B,3.442,0.0,20.21,146.4
2025-09-11 14:45:00+00:00,ERFT_B,3.292,0.0,20.04,145.4
2025-09-11 15:00:00+00:00,ERFT_B,3.474,0.0,19.49,146.6
2025-09-11 15:15:00+00:00,ERFT_B,3.147,0.0,20.33,144.3
2025-09-11 15:30:00+00:00,ERFT_B,3.108,0.0,20.16,144.1
2025-09-11 15:45:00+00:00,ERFT_B,3.178,2.03,20.11,144.6
2025-09-11 16:00:00+00:00,ERFT_B,3.314,0.0,20.08,145.5
2025-09-11 16:15:00+00:00,ERFT_B,3.363,0.0,19.9,145.8
2025-09-11 16:30:00+00:00,ERFT_B,3.217,0.0,19.75,144.8
2025-09-11 16:45:00+00:00,ERFT_B,3.304,0.0,19.33,145.4
2025-09-11 17:00:00+00:00,ERFT_B,3.309,0.0,19.97,145.5
2025-09-11 17:15:00+00:00,ERFT_B,3.246,3.46,19.72,145.0
2025-09-11 17:30:00+00:00,ERFT_B,3.21,0.0,20.52,144.8
2025-09-11 17:45:00+00:00,ERFT_B,3.14,0.0,20.17,144.3
2025-09-11 18:00:00+00:00,ERFT_B,3.139,0.0,20.21,144.3
2025-09-11 18:15:00+00:00,ERFT_B,3.418,0.0,19.78,146.2
2025-09-11 18:30:00+00:00,ERFT_B,3.289,0.5,19.55,145.3
2025-09-11 18:45:00+00:00,ERFT_B,3.218,0.0,20.04,144.8
2025-09-11 19:00:00+00:00,ERFT_B,3.346,0.0,20.09,145.7
2025-09-11 19:15:00+00:00,ERFT_B,3.274,0.0,19.65,145.2
2025-09-11 19:30:00+00:00,ERFT_B,3.326,0.0,19.91,145.6
2025-09-11 19:45:00+00:00,ERFT_B,3.233,0.0,19.86,145.0
2025-09-11 20:00:00+00:00,ERFT_B,3.313,0.0,19.75,145.5
2025-09-11 20:15:00+00:00,ERFT_B,3.194,0.0,20.25,144.7
2025-09-11 20:30:00+00:00,ERFT_B,3.3,0.0,20.55,145.4
2025-09-11 20:45:00+00:00,ERFT_B,3.352,0.0,19.97,145.8
2025-09-11 21:00:00+00:00,ERFT_B,3.392,0.0,19.9,146.0
2025-09-11 21:15:00+00:00,ERFT_B,3.352,0.0,19.56,145.8
2025-09-11 21:30:00+00:00,ERFT_B,3.215,0.0,19.64,144.8
2025-09-11 21:45:00+00:00,ERFT_B,3.598,0.0,20.26,147.4
2025-09-11 22:00:00+00:00,ERFT_B,3.365,0.0,19.72,145.9
2025-09-11 22:15:00+00:00,ERFT_B,3.379,0.0,19.97,146.0
2025-09-11 22:30:00+00:00,ERFT_B,3.309,0.0,19.6,145.5
2025-09-11 22:45:00+00:00,ERFT_B,3.448,0.0,19.68,146.4
2025-09-11 23:00:00+00:00,ERFT_B,3.335,0.0,19.96,145.7
2025-09-11 23:15:00+00:00,ERFT_B,3.516,0.0,19.91,146.9
2025-09-11 23:30:00+00:00,ERFT_B,3.416,0.0,19.87,146.2
2025-09-11 23:45:00+00:00,ERFT_B,3.488,0.0,19.9,146.7
2025-09-12 00:00:00+00:00,ERFT_B,3.654,0.0,19.67,147.8
2025-09-12 00:15:00+00:00,ERFT_B,3.433,0.0,19.36,146.3
2025-09-12 00:30:00+00:00,ERFT_B,3.686,0.0,20.26,148.0
2025-09-12 00:45:00+00:00,ERFT_B,3.592,0.0,20.21,147.4
2025-09-12 01:00:00+00:00,ERFT_B,3.524,0.0,20.0,146.9
2025-09-12 01:15:00+00:00,ERFT_B,3.581,0.0,19.26,147.3
2025-09-12 01:30:00+00:00,ERFT_B,3.55,0.0,19.27,147.1
2025-09-12 01:45:00+00:00,ERFT_B,3.57,0.0,20.04,147.2
2025-09-12 02:00:00+00:00,ERFT_B,3.792,0.0,19.61,148.7
2025-09-12 02:15:00+00:00,ERFT_B,3.637,0.0,19.5,147.7
2025-09-12 02:30:00+00:00,ERFT_B,3.654,0.0,19.96,147.8
2025-09-12 02:45:00+00:00,ERFT_B,3.79,0.0,19.33,148.7
2025-09-12 03:00:00+00:00,ERFT_B,3.784,0.0,19.36,148.6
2025-09-12 03:15:00+00:00,ERFT_B,3.87,0.0,19.74,149.2
2025-09-12 03:30:00+00:00,ERFT_B,3.816,0.0,19.43,148.8
2025-09-12 03:45:00+00:00,ERFT_B,3.685,0.0,19.85,148.0
2025-09-12 04:00:00+00:00,ERFT_B,3.806,0.0,19.71,148.8
2025-09-12 04:15:00+00:00,ERFT_B,3.715,0.0,19.62,148.2
2025-09-12 04:30:00+00:00,ERFT_B,3.699,0.0,19.38,148.1
2025-09-12 04:45:00+00:00,ERFT_B,3.782,0.0,19.36,148.6
2025-09-12 05:00:00+00:00,ERFT_B,3.785,0.0,19.57,148.6
2025-09-12 05:15:00+00:00,ERFT_B,3.78,0.0,19.13,148.6
2025-09-12 05:30:00+00:00,ERFT_B,3.745,0.0,19.65,148.4
2025-09-12 05:45:00+00:00,ERFT_B,3.817,0.0,19.32,148.8
2025-09-12 06:00:00+00:00,ERFT_B,3.767,0.0,19.59,148.5
2025-09-12 06:15:00+00:00,ERFT_B,3.789,0.0,18.8,148.7
2025-09-12 06:30:00+00:00,ERFT_B,3.747,0.0,19.49,148.4
2025-09-12 06:45:00+00:00,ERFT_B,3.805,0.0,19.26,148.8
2025-09-12 07:00:00+00:00,ERFT_B,3.648,0.0,18.88,147.7
2025-09-12 07:15:00+00:00,ERFT_B,3.868,0.0,19.44,149.2
2025-09-12 07:30:00+00:00,ERFT_B,3.952,0.0,19.16,149.7
2025-09-12 07:45:00+00:00,ERFT_B,3.786,0.0,18.92,148.6
2025-09-12 08:00:00+00:00,ERFT_B,3.771,0.0,19.65,148.5
2025-09-12 08:15:00+00:00,ERFT_B,3.778,1.92,19.39,148.6
2025-09-12 08:30:00+00:00,ERFT_B,3.759,0.0,19.31,148.5
2025-09-12 08:45:00+00:00,ERFT_B,3.656,0.0,19.59,147.8
2025-09-12 09:00:00+00:00,ERFT_B,3.831,0.0,19.07,148.9
2025-09-12 09:15:00+00:00,ERFT_B,3.614,0.0,19.69,147.5
2025-09-12 09:30:00+00:00,ERFT_B,3.81,0.0,19.2,148.8
2025-09-12 09:45:00+00:00,ERFT_B,3.587,0.0,18.99,147.3
2025-09-12 10:00:00+00:00,ERFT_B,3.719,0.0,19.46,148.2
2025-09-12 10:15:00+00:00,ERFT_B,3.668,0.0,18.95,147.9
2025-09-12 10:30:00+00:00,ERFT_B,3.805,0.0,19.34,148.8
2025-09-12 10:45:00+00:00,ERFT_B,3.625,0.0,19.16,147.6
2025-09-12 11:00:00+00:00,ERFT_B,3.618,0.0,19.2,147.6
2025-09-12 11:15:00+00:00,ERFT_B,3.52,0.0,18.84,146.9
2025-09-12 11:30:00+00:00,ERFT_B,3.609,0.0,19.23,147.5
2025-09-12 11:45:00+00:00,ERFT_B,3.606,0.0,18.84,147.5
2025-09-12 12:00:00+00:00,ERFT_B,3.596,0.0,18.85,147.4
2025-09-12 12:15:00+00:00,ERFT_B,3.567,1.36,18.59,147.2
2025-09-12 12:30:00+00:00,ERFT_B,3.578,0.0,18.79,147.3
2025-09-12 12:45:00+00:00,ERFT_B,3.266,0.0,18.98,145.2
2025-09-12 13:00:00+00:00,ERFT_B,3.398,0.0,19.0,146.1
2025-09-12 13:15:00+00:00,ERFT_B,3.336,0.0,18.55,145.7
2025-09-12 13:30:00+00:00,ERFT_B,3.265,0.0,19.25,145.2
2025-09-12 13:45:00+00:00,ERFT_B,3.301,0.0,18.27,145.4
2025-09-12 14:00:00+00:00,ERFT_B,3.391,0.0,18.16,146.0
2025-09-12 14:15:00+00:00,ERFT_B,3.341,0.0,18.8,145.7
2025-09-12 14:30:00+00:00,ERFT_B,3.278,0.0,18.87,145.3
2025-09-12 14:45:00+00:00,ERFT_B,3.296,0.0,18.22,145.4
2025-09-12 15:00:00+00:00,ERFT_B,3.344,0.0,17.92,145.7
2025-09-12 15:15:00+00:00,ERFT_B,3.139,0.0,18.77,144.3
2025-09-12 15:30:00+00:00,ERFT_B,3.29,0.0,18.33,145.3
2025-09-12 15:45:00+00:00,ERFT_B,3.302,0.0,18.05,145.4
2025-09-12 16:00:00+00:00,ERFT_B,3.218,0.0,18.68,144.8
2025-09-12 16:15:00+00:00,ERFT_B,3.109,0.0,18.25,144.1
2025-09-12 16:30:00+00:00,ERFT_B,3.323,0.0,18.01,145.6
2025-09-12 16:45:00+00:00,ERFT_B,3.29,0.0,18.67,145.3
2025-09-12 17:00:00+00:00,ERFT_B,3.233,0.0,18.75,145.0
2025-09-12 17:15:00+00:00,ERFT_B,3.208,0.0,17.61,144.8
2025-09-12 17:30:00+00:00,ERFT_B,3.23,0.0,18.17,144.9
2025-09-12 17:45:00+00:00,ERFT_B,3.137,0.0,18.03,144.3
2025-09-12 18:00:00+00:00,ERFT_B,3.203,0.0,17.86,144.7
2025-09-12 18:15:00+00:00,ERFT_B,3.117,0.0,17.86,144.1
2025-09-12 18:30:00+00:00,ERFT_B,3.323,0.0,17.97,145.6
2025-09-12 18:45:00+00:00,ERFT_B,3.243,0.0,17.71,145.0
2025-09-12 19:00:00+00:00,ERFT_B,3.215,0.0,17.64,144.8
2025-09-12 19:15:00+00:00,ERFT_B,3.151,0.0,18.35,144.4
2025-09-12 19:30:00+00:00,ERFT_B,3.084,0.0,18.46,143.9
2025-09-12 19:45:00+00:00,ERFT_B,3.225,0.0,18.07,144.9
2025-09-12 20:00:00+00:00,ERFT_B,3.13,0.0,17.65,144.2
2025-09-12 20:15:00+00:00,ERFT_B,3.304,0.0,18.05,145.4
2025-09-12 20:30:00+00:00,ERFT_B,3.387,0.0,17.73,146.0
2025-09-12 20:45:00+00:00,ERFT_B,3.249,0.0,17.43,145.1
2025-09-12 21:00:00+00:00,ERFT_B,3.39,0.0,17.8,146.0
2025-09-12 21:15:00+00:00,ERFT_B,3.28,0.0,17.0,145.3
2025-09-12 21:30:00+00:00,ERFT_B,3.389,0.0,17.52,146.0
2025-09-12 21:45:00+00:00,ERFT_B,3.359,0.0,17.19,145.8
2025-09-12 22:00:00+00:00,ERFT_B,3.37,0.0,17.66,145.9
2025-09-12 22:15:00+00:00,ERFT_B,3.363,0.0,17.47,145.8
2025-09-12 22:30:00+00:00,ERFT_B,3.278,0.0,17.16,145.3
2025-09-12 22:45:00+00:00,ERFT_B,3.299,0.0,17.63,145.4
2025-09-12 23:00:00+00:00,ERFT_B,3.571,3.55,17.08,147.2
2025-09-12 23:15:00+00:00,ERFT_B,3.612,1.24,17.24,147.5
2025-09-12 23:30:00+00:00,ERFT_B,3.656,0.0,17.16,147.8
2025-09-12 23:45:00+00:00,ERFT_B,3.631,0.0,16.87,147.6
2025-09-13 00:00:00+00:00,ERFT_B,3.549,0.0,17.64,147.1
2025-09-13 00:15:00+00:00,ERFT_B,3.654,0.0,17.59,147.8
2025-09-13 00:30:00+00:00,ERFT_B,3.747,0.0,16.86,148.4
2025-09-13 00:45:00+00:00,ERFT_B,3.763,0.0,16.93,148.5
2025-09-13 01:00:00+00:00,ERFT_B,3.669,0.0,17.07,147.9
2025-09-13 01:15:00+00:00,ERFT_B,3.659,0.0,17.12,147.8
2025-09-13 01:30:00+00:00,ERFT_B,3.678,0.0,17.11,147.9
2025-09-13 01:45:00+00:00,ERFT_B,3.728,0.0,16.78,148.3
2025-09-13 02:00:00+00:00,ERFT_B,3.669,0.0,17.66,147.9
2025-09-13 02:15:00+00:00,ERFT_B,3.771,0.0,16.29,148.5
2025-09-13 02:30:00+00:00,ERFT_B,3.729,0.0,16.41,148.3
2025-09-13 02:45:00+00:00,ERFT_B,3.636,0.0,16.17,147.7
2025-09-13 03:00:00+00:00,ERFT_B,3.539,0.0,16.72,147.0
2025-09-13 03:15:00+00:00,ERFT_B,3.78,0.0,16.26,148.6
2025-09-13 03:30:00+00:00,ERFT_B,3.804,0.0,17.06,148.8
2025-09-13 03:45:00+00:00,ERFT_B,3.816,0.0,16.13,148.8
2025-09-13 04:00:00+00:00,ERFT_B,3.775,0.0,16.24,148.6
2025-09-13 04:15:00+00:00,ERFT_B,3.788,0.0,16.87,148.7
2025-09-13 04:30:00+00:00,ERFT_B,3.672,0.0,16.52,147.9
2025-09-13 04:45:00+00:00,ERFT_B,3.703,0.0,16.56,148.1
2025-09-13 05:00:00+00:00,ERFT_B,3.711,0.0,15.98,148.2
2025-09-13 05:15:00+00:00,ERFT_B,3.654,0.0,16.38,147.8
2025-09-13 05:30:00+00:00,ERFT_B,3.787,0.0,15.87,148.7
2025-09-13 05:45:00+00:00,ERFT_B,3.761,0.0,16.62,148.5
2025-09-13 06:00:00+00:00,ERFT_B,3.732,0.0,16.07,148.3
2025-09-13 06:15:00+00:00,ERFT_B,3.892,0.0,15.93,149.3
2025-09-13 06:30:00+00:00,ERFT_B,3.824,0.0,16.49,148.9
2025-09-13 06:45:00+00:00,ERFT_B,3.579,0.0,16.15,147.3
2025-09-13 07:00:00+00:00,ERFT_B,3.642,0.0,15.76,147.7
2025-09-13 07:15:00+00:00,ERFT_B,3.73,0.0,16.1,148.3
2025-09-13 07:30:00+00:00,ERFT_B,3.888,0.0,16.23,149.3
2025-09-13 07:45:00+00:00,ERFT_B,3.634,0.0,15.96,147.7
2025-09-13 08:00:00+00:00,ERFT_B,3.709,0.0,15.84,148.1
2025-09-13 08:15:00+00:00,ERFT_B,3.69,0.0,15.93,148.0
2025-09-13 08:30:00+00:00,ERFT_B,3.613,0.0,15.85,147.5
2025-09-13 08:45:00+00:00,ERFT_B,3.754,0.0,15.12,148.4
2025-09-13 09:00:00+00:00,ERFT_B,3.708,0.0,15.38,148.1
2025-09-13 09:15:00+00:00,ERFT_B,3.688,0.0,15.92,148.0
2025-09-13 09:30:00+00:00,ERFT_B,3.683,0.0,15.39,148.0
2025-09-13 09:45:00+00:00,ERFT_B,3.697,0.0,15.22,148.1
2025-09-13 10:00:00+00:00,ERFT_B,3.602,0.0,15.75,147.4
2025-09-13 10:15:00+00:00,ERFT_B,3.581,0.0,14.78,147.3
2025-09-13 10:30:00+00:00,ERFT_B,3.552,0.0,15.27,147.1
2025-09-13 10:45:00+00:00,ERFT_B,3.591,0.0,15.93,147.4
2025-09-13 11:00:00+00:00,ERFT_B,3.525,0.0,15.27,146.9
2025-09-13 11:15:00+00:00,ERFT_B,3.592,0.0,15.29,147.4
2025-09-13 11:30:00+00:00,ERFT_B,3.537,0.0,15.23,147.0
2025-09-13 11:45:00+00:00,ERFT_B,3.34,0.0,14.98,145.7
2025-09-13 12:00:00+00:00,ERFT_B,3.439,0.0,15.11,146.4
2025-09-13 12:15:00+00:00,ERFT_B,3.492,0.0,14.94,146.7
2025-09-13 12:30:00+00:00,ERFT_B,3.495,0.0,15.19,146.7
2025-09-13 12:45:00+00:00,ERFT_B,3.392,0.0,14.89,146.0
2025-09-13 13:00:00+00:00,ERFT_B,3.297,0.0,15.25,145.4
2025-09-13 13:15:00+00:00,ERFT_B,3.444,0.0,14.13,146.4
2025-09-13 13:30:00+00:00,ERFT_B,3.242,0.0,14.67,145.0
2025-09-13 13:45:00+00:00,ERFT_B,3.276,0.0,14.94,145.2
2025-09-13 14:00:00+00:00,ERFT_B,3.394,0.0,14.93,146.1
2025-09-13 14:15:00+00:00,ERFT_B,3.38,0.0,14.52,146.0
2025-09-13 14:30:00+00:00,ERFT_B,3.252,0.0,13.9,145.1
2025-09-13 14:45:00+00:00,ERFT_B,3.385,0.0,14.24,146.0
2025-09-13 15:00:00+00:00,ERFT_B,3.254,2.21,14.55,145.1
2025-09-13 15:15:00+00:00,ERFT_B,3.33,0.0,14.77,145.6
2025-09-13 15:30:00+00:00,ERFT_B,3.274,0.41,14.44,145.2
2025-09-13 15:45:00+00:00,ERFT_B,3.287,0.0,14.2,145.3
2025-09-13 16:00:00+00:00,ERFT_B,3.269,0.0,14.38,145.2
2025-09-13 16:15:00+00:00,ERFT_B,3.15,0.0,14.32,144.4
2025-09-13 16:30:00+00:00,ERFT_B,3.398,0.0,13.81,146.1
2025-09-13 16:45:00+00:00,ERFT_B,3.348,0.0,14.11,145.7
2025-09-13 17:00:00+00:00,ERFT_B,3.189,0.0,13.82,144.6
2025-09-13 17:15:00+00:00,ERFT_B,3.243,0.0,14.17,145.0
2025-09-13 17:30:00+00:00,ERFT_B,3.224,0.0,14.52,144.9
2025-09-13 17:45:00+00:00,ERFT_B,3.261,0.0,14.49,145.1
2025-09-13 18:00:00+00:00,ERFT_B,3.219,0.0,14.02,144.9
2025-09-13 18:15:00+00:00,ERFT_B,3.187,0.0,13.59,144.6
2025-09-13 18:30:00+00:00,ERFT_B,3.295,0.0,13.52,145.4
2025-09-13 18:45:00+00:00,ERFT_B,3.133,0.0,14.22,144.3
2025-09-13 19:00:00+00:00,ERFT_B,3.421,0.0,13.36,146.2
2025-09-13 19:15:00+00:00,ERFT_B,3.181,0.0,13.65,144.6
2025-09-13 19:30:00+00:00,ERFT_B,3.126,0.0,13.34,144.2
2025-09-13 19:45:00+00:00,ERFT_B,3.281,0.0,13.45,145.3
2025-09-13 20:00:00+00:00,ERFT_B,3.32,2.76,13.76,145.6
2025-09-13 20:15:00+00:00,ERFT_B,3.402,0.0,13.35,146.1
2025-09-13 20:30:00+00:00,ERFT_B,3.441,0.0,12.95,146.4
2025-09-13 20:45:00+00:00,ERFT_B,3.346,0.0,13.89,145.7
2025-09-13 21:00:00+00:00,ERFT_B,3.513,2.53,13.3,146.9
2025-09-13 21:15:00+00:00,ERFT_B,3.442,0.66,13.17,146.4
2025-09-13 21:30:00+00:00,ERFT_B,3.289,0.0,13.08,145.3
2025-09-13 21:45:00+00:00,ERFT_B,3.466,0.0,13.62,146.5
2025-09-13 22:00:00+00:00,ERFT_B,3.555,8.39,13.31,147.1
2025-09-13 22:15:00+00:00,ERFT_B,3.542,0.0,13.53,147.1
2025-09-13 22:30:00+00:00,ERFT_B,3.646,0.0,13.0,147.7
2025-09-13 22:45:00+00:00,ERFT_B,3.77,0.0,13.21,148.5
2025-09-13 23:00:00+00:00,ERFT_B,3.795,0.0,12.79,148.7
2025-09-13 23:15:00+00:00,ERFT_B,3.531,0.0,12.64,147.0
2025-09-13 23:30:00+00:00,ERFT_B,3.652,0.54,12.8,147.8
2025-09-13 23:45:00+00:00,ERFT_B,3.667,0.0,12.79,147.9
2025-09-14 00:00:00+00:00,ERFT_B,3.553,0.0,12.58,147.1
2025-09-14 00:15:00+00:00,ERFT_B,3.636,0.0,13.22,147.7
2025-09-14 00:30:00+00:00,ERFT_B,3.433,0.0,13.1,146.3
2025-09-14 00:45:00+00:00,ERFT_B,3.562,0.0,12.51,147.2
2025-09-14 01:00:00+00:00,ERFT_B,3.661,0.0,12.79,147.8
2025-09-14 01:15:00+00:00,ERFT_B,3.588,0.0,12.68,147.4
2025-09-14 01:30:00+00:00,ERFT_B,3.567,0.0,12.49,147.2
2025-09-14 01:45:00+00:00,ERFT_B,3.676,0.0,12.39,147.9
2025-09-14 02:00:00+00:00,ERFT_B,3.65,0.0,12.32,147.8
2025-09-14 02:15:00+00:00,ERFT_B,3.573,0.0,12.46,147.3
2025-09-14 02:30:00+00:00,ERFT_B,3.863,1.2,12.55,149.1
2025-09-14 02:45:00+00:00,ERFT_B,3.677,0.76,12.39,147.9
2025-09-14 03:00:00+00:00,ERFT_B,3.752,0.0,12.05,148.4
2025-09-14 03:15:00+00:00,ERFT_B,3.726,0.0,12.2,148.3
2025-09-14 03:30:00+00:00,ERFT_B,3.845,0.0,12.33,149.0
2025-09-14 03:45:00+00:00,ERFT_B,3.732,0.0,11.78,148.3
2025-09-14 04:00:00+00:00,ERFT_B,3.77,0.0,12.31,148.5
2025-09-14 04:15:00+00:00,ERFT_B,3.751,0.0,12.31,148.4
2025-09-14 04:30:00+00:00,ERFT_B,3.69,0.0,12.11,148.0
2025-09-14 04:45:00+00:00,ERFT_B,3.719,0.0,11.63,148.2
2025-09-14 05:00:00+00:00,ERFT_B,3.826,0.0,12.32,148.9
2025-09-14 05:15:00+00:00,ERFT_B,3.668,0.0,12.68,147.9
2025-09-14 05:30:00+00:00,ERFT_B,3.738,0.0,12.16,148.3
2025-09-14 05:45:00+00:00,ERFT_B,3.746,0.0,11.77,148.4
2025-09-14 06:00:00+00:00,ERFT_B,3.937,0.0,12.17,149.6
2025-09-14 06:15:00+00:00,ERFT_B,3.854,0.0,11.95,149.1
2025-09-14 06:30:00+00:00,ERFT_B,3.757,0.0,11.59,148.5
2025-09-14 06:45:00+00:00,ERFT_B,3.931,0.0,11.97,149.6
2025-09-14 07:00:00+00:00,ERFT_B,3.677,0.0,11.84,147.9
2025-09-14 07:15:00+00:00,ERFT_B,3.814,0.88,11.8,148.8
2025-09-14 07:30:00+00:00,ERFT_B,3.66,0.0,11.79,147.8
2025-09-14 07:45:00+00:00,ERFT_B,3.592,0.0,11.99,147.4
2025-09-14 08:00:00+00:00,ERFT_B,3.797,0.0,11.38,148.7
2025-09-14 08:15:00+00:00,ERFT_B,3.834,0.0,11.77,149.0
2025-09-14 08:30:00+00:00,ERFT_B,3.672,0.0,11.61,147.9
2025-09-14 08:45:00+00:00,ERFT_B,3.762,0.0,11.74,148.5
2025-09-14 09:00:00+00:00,ERFT_B,3.73,0.0,11.33,148.3
2025-09-14 09:15:00+00:00,ERFT_B,3.633,0.0,11.21,147.7
2025-09-14 09:30:00+00:00,ERFT_B,3.744,0.0,10.81,148.4
2025-09-14 09:45:00+00:00,ERFT_B,3.67,0.0,11.71,147.9
2025-09-14 10:00:00+00:00,ERFT_B,3.565,0.0,11.27,147.2
2025-09-14 10:15:00+00:00,ERFT_B,3.588,0.0,11.12,147.4
2025-09-14 10:30:00+00:00,ERFT_B,3.514,0.0,11.03,146.9
2025-09-14 10:45:00+00:00,ERFT_B,3.604,0.0,10.52,147.5
2025-09-14 11:00:00+00:00,ERFT_B,3.631,0.0,10.63,147.6
2025-09-14 11:15:00+00:00,ERFT_B,3.536,0.0,11.64,147.0
2025-09-14 11:30:00+00:00,ERFT_B,3.499,0.0,10.82,146.8
2025-09-14 11:45:00+00:00,ERFT_B,3.528,0.0,11.15,147.0
2025-09-14 12:00:00+00:00,ERFT_B,3.548,0.0,10.83,147.1
2025-09-14 12:15:00+00:00,ERFT_B,3.514,0.0,10.82,146.9
2025-09-14 12:30:00+00:00,ERFT_B,3.464,0.0,10.52,146.5
2025-09-14 12:45:00+00:00,ERFT_B,3.512,0.0,10.63,146.9
2025-09-14 13:00:00+00:00,ERFT_B,3.356,0.0,11.1,145.8
2025-09-14 13:15:00+00:00,ERFT_B,3.452,0.0,10.77,146.4
2025-09-14 13:30:00+00:00,ERFT_B,3.367,0.0,10.43,145.9
2025-09-14 13:45:00+00:00,ERFT_B,3.273,0.0,10.91,145.2
2025-09-14 14:00:00+00:00,ERFT_B,3.364,0.0,11.6,145.9
2025-09-14 14:15:00+00:00,ERFT_B,3.262,0.0,11.01,145.2
2025-09-14 14:30:00+00:00,ERFT_B,3.374,0.0,10.99,145.9
2025-09-14 14:45:00+00:00,ERFT_B,3.266,0.0,10.36,145.2
2025-09-14 15:00:00+00:00,ERFT_B,3.502,4.09,10.33,146.8
2025-09-14 15:15:00+00:00,ERFT_B,3.321,0.0,10.99,145.6
2025-09-14 15:30:00+00:00,ERFT_B,3.429,0.0,10.79,146.3
2025-09-14 15:45:00+00:00,ERFT_B,3.28,0.0,11.22,145.3
2025-09-14 16:00:00+00:00,ERFT_B,3.366,0.0,10.33,145.9
2025-09-14 16:15:00+00:00,ERFT_B,3.349,0.0,10.55,145.8
2025-09-14 16:30:00+00:00,ERFT_B,3.239,0.0,10.65,145.0
2025-09-14 16:45:00+00:00,ERFT_B,3.21,0.0,10.65,144.8
2025-09-14 17:00:00+00:00,ERFT_B,3.349,0.0,10.83,145.8
2025-09-14 17:15:00+00:00,ERFT_B,3.155,0.0,10.95,144.4
2025-09-14 17:30:00+00:00,ERFT_B,3.155,0.0,10.8,144.4
2025-09-14 17:45:00+00:00,ERFT_B,3.179,0.0,10.36,144.6
2025-09-14 18:00:00+00:00,ERFT_B,3.352,0.0,10.97,145.8
2025-09-14 18:15:00+00:00,ERFT_B,3.111,0.0,10.51,144.1
2025-09-14 18:30:00+00:00,ERFT_B,3.235,0.0,10.71,145.0
2025-09-14 18:45:00+00:00,ERFT_B,3.095,0.0,10.39,144.0
2025-09-14 19:00:00+00:00,ERFT_B,3.207,0.0,10.33,144.8
2025-09-14 19:15:00+00:00,ERFT_B,3.311,2.36,10.0,145.5
2025-09-14 19:30:00+00:00,ERFT_B,3.402,0.0,10.27,146.1
2025-09-14 19:45:00+00:00,ERFT_B,3.246,0.0,9.84,145.0
2025-09-14 20:00:00+00:00,ERFT_B,3.326,0.0,10.22,145.6
2025-09-14 20:15:00+00:00,ERFT_B,3.4,1.02,10.32,146.1
2025-09-14 20:30:00+00:00,ERFT_B,3.375,0.0,10.8,145.9
2025-09-14 20:45:00+00:00,ERFT_B,3.302,0.0,10.34,145.4
2025-09-14 21:00:00+00:00,ERFT_B,3.36,0.0,10.48,145.8
2025-09-14 21:15:00+00:00,ERFT_B,3.218,0.0,10.3,144.8
2025-09-14 21:30:00+00:00,ERFT_B,3.22,0.0,9.88,144.9
2025-09-14 21:45:00+00:00,ERFT_B,3.351,0.0,10.64,145.8
2025-09-14 22:00:00+00:00,ERFT_B,3.511,0.0,10.34,146.8
2025-09-14 22:15:00+00:00,ERFT_B,3.351,0.0,9.94,145.8
2025-09-14 22:30:00+00:00,ERFT_B,3.423,0.0,10.27,146.3
2025-09-14 22:45:00+00:00,ERFT_B,3.379,0.0,10.04,146.0
2025-09-14 23:00:00+00:00,ERFT_B,3.322,0.0,9.76,145.6
2025-09-14 23:15:00+00:00,ERFT_B,3.499,0.0,10.08,146.8
2025-09-14 23:30:00+00:00,ERFT_B,3.566,0.0,10.01,147.2
2025-09-14 23:45:00+00:00,ERFT_B,3.312,0.6,10.26,145.5
2025-09-15 00:00:00+00:00,ERFT_B,3.467,0.0,9.92,146.5
2025-09-15 00:15:00+00:00,ERFT_B,3.586,0.0,10.4,147.3
2025-09-15 00:30:00+00:00,ERFT_B,3.6,0.0,9.84,147.4
2025-09-15 00:45:00+00:00,ERFT_B,3.426,0.0,9.78,146.3
2025-09-15 01:00:00+00:00,ERFT_B,3.652,0.0,10.71,147.8
2025-09-15 01:15:00+00:00,ERFT_B,3.958,0.0,10.2,149.7
2025-09-15 01:30:00+00:00,ERFT_B,3.651,0.0,10.33,147.8
2025-09-15 01:45:00+00:00,ERFT_B,3.642,0.0,9.79,147.7
2025-09-15 02:00:00+00:00,ERFT_B,3.766,0.0,10.06,148.5
2025-09-15 02:15:00+00:00,ERFT_B,3.789,0.0,10.08,148.7
2025-09-15 02:30:00+00:00,ERFT_B,3.684,2.94,9.57,148.0
2025-09-15 02:45:00+00:00,ERFT_B,3.818,0.0,9.85,148.8
2025-09-15 03:00:00+00:00,ERFT_B,3.779,0.0,10.05,148.6
2025-09-15 03:15:00+00:00,ERFT_B,3.758,0.0,9.95,148.5
2025-09-15 03:30:00+00:00,ERFT_B,3.892,2.57,9.73,149.3
2025-09-15 03:45:00+00:00,ERFT_B,3.894,0.0,10.42,149.3
2025-09-15 04:00:00+00:00,ERFT_B,3.962,0.0,10.44,149.8
2025-09-15 04:15:00+00:00,ERFT_B,4.024,1.24,10.33,150.1
2025-09-15 04:30:00+00:00,ERFT_B,3.717,0.0,10.17,148.2
2025-09-15 04:45:00+00:00,ERFT_B,3.783,1.85,10.05,148.6
2025-09-15 05:00:00+00:00,ERFT_B,3.838,0.0,9.88,149.0
2025-09-15 05:15:00+00:00,ERFT_B,3.828,0.0,10.52,148.9
2025-09-15 05:30:00+00:00,ERFT_B,3.743,0.0,10.02,148.4
2025-09-15 05:45:00+00:00,ERFT_B,3.797,0.0,10.38,148.7
2025-09-15 06:00:00+00:00,ERFT_B,3.651,0.0,10.45,147.8
2025-09-15 06:15:00+00:00,ERFT_B,3.947,0.0,10.04,149.7
2025-09-15 06:30:00+00:00,ERFT_B,3.752,0.0,10.37,148.4
2025-09-15 06:45:00+00:00,ERFT_B,3.697,0.0,9.87,148.1
2025-09-15 07:00:00+00:00,ERFT_B,3.691,0.0,9.71,148.0
2025-09-15 07:15:00+00:00,ERFT_B,3.863,0.0,10.11,149.1
2025-09-15 07:30:00+00:00,ERFT_B,3.992,0.0,10.21,149.9
2025-09-15 07:45:00+00:00,ERFT_B,3.894,0.0,9.47,149.3
2025-09-15 08:00:00+00:00,ERFT_B,3.726,0.48,9.64,148.3
2025-09-15 08:15:00+00:00,ERFT_B,3.756,1.6,10.14,148.5
2025-09-15 08:30:00+00:00,ERFT_B,3.817,0.0,10.18,148.8
2025-09-15 08:45:00+00:00,ERFT_B,3.691,0.0,10.39,148.0
2025-09-15 09:00:00+00:00,ERFT_B,3.785,0.0,10.55,148.6
2025-09-15 09:15:00+00:00,ERFT_B,3.872,0.0,10.27,149.2
2025-09-15 09:30:00+00:00,ERFT_B,3.89,0.0,10.13,149.3
2025-09-15 09:45:00+00:00,ERFT_B,3.709,0.0,10.32,148.1
2025-09-15 10:00:00+00:00,ERFT_B,3.535,0.0,9.96,147.0
2025-09-15 10:15:00+00:00,ERFT_B,3.616,0.0,9.72,147.5
2025-09-15 10:30:00+00:00,ERFT_B,3.646,0.0,10.12,147.7
2025-09-15 10:45:00+00:00,ERFT_B,3.727,0.0,9.97,148.3
2025-09-15 11:00:00+00:00,ERFT_B,3.63,0.0,9.8,147.6
2025-09-15 11:15:00+00:00,ERFT_B,3.592,0.0,9.76,147.4
2025-09-15 11:30:00+00:00,ERFT_B,3.608,0.0,10.66,147.5
2025-09-15 11:45:00+00:00,ERFT_B,3.338,0.0,10.08,145.7
2025-09-15 12:00:00+00:00,ERFT_B,3.565,0.0,10.63,147.2
2025-09-15 12:15:00+00:00,ERFT_B,3.463,0.0,9.75,146.5
2025-09-15 12:30:00+00:00,ERFT_B,3.435,0.0,10.34,146.3
2025-09-15 12:45:00+00:00,ERFT_B,3.556,0.0,9.68,147.1
2025-09-15 13:00:00+00:00,ERFT_B,3.422,0.0,10.5,146.2
2025-09-15 13:15:00+00:00,ERFT_B,3.325,0.0,10.78,145.6
2025-09-15 13:30:00+00:00,ERFT_B,3.443,0.0,10.5,146.4
2025-09-15 13:45:00+00:00,ERFT_B,3.305,0.0,10.12,145.4
2025-09-15 14:00:00+00:00,ERFT_B,3.295,0.0,10.24,145.4
2025-09-15 14:15:00+00:00,ERFT_B,3.347,0.0,10.22,145.7
2025-09-15 14:30:00+00:00,ERFT_B,3.327,0.0,10.52,145.6
2025-09-15 14:45:00+00:00,ERFT_B,3.225,0.0,9.89,144.9
2025-09-15 15:00:00+00:00,ERFT_B,3.302,0.0,10.54,145.4
2025-09-15 15:15:00+00:00,ERFT_B,3.399,0.0,10.38,146.1
2025-09-15 15:30:00+00:00,ERFT_B,3.346,0.0,10.38,145.7
2025-09-15 15:45:00+00:00,ERFT_B,3.284,0.0,10.4,145.3
2025-09-15 16:00:00+00:00,ERFT_B,3.248,0.0,10.82,145.1
2025-09-15 16:15:00+00:00,ERFT_B,3.078,0.0,11.11,143.9
2025-09-15 16:30:00+00:00,ERFT_B,3.218,0.0,11.06,144.8
2025-09-15 16:45:00+00:00,ERFT_B,3.129,0.0,10.52,144.2
2025-09-15 17:00:00+00:00,ERFT_B,3.098,0.0,10.24,144.0
2025-09-15 17:15:00+00:00,ERFT_B,3.192,0.0,10.22,144.7
2025-09-15 17:30:00+00:00,ERFT_B,3.228,0.0,10.22,144.9
2025-09-15 17:45:00+00:00,ERFT_B,3.061,0.0,10.4,143.7
2025-09-15 18:00:00+00:00,ERFT_B,3.178,0.0,10.56,144.6
2025-09-15 18:15:00+00:00,ERFT_B,3.283,0.0,10.42,145.3
2025-09-15 18:30:00+00:00,ERFT_B,3.246,0.0,10.75,145.0
2025-09-15 18:45:00+00:00,ERFT_B,3.274,0.0,10.93,145.2
2025-09-15 19:00:00+00:00,ERFT_B,3.204,0.0,10.55,144.7
2025-09-15 19:15:00+00:00,ERFT_B,3.341,0.0,10.38,145.7
2025-09-15 19:30:00+00:00,ERFT_B,3.316,0.0,10.54,145.5
2025-09-15 19:45:00+00:00,ERFT_B,3.196,0.0,10.43,144.7
2025-09-15 20:00:00+00:00,ERFT_B,3.277,0.0,10.88,145.3
2025-09-15 20:15:00+00:00,ERFT_B,3.172,5.09,10.52,144.5
2025-09-15 20:30:00+00:00,ERFT_B,3.278,0.0,10.96,145.3
2025-09-15 20:45:00+00:00,ERFT_B,3.459,0.0,10.4,146.5
2025-09-15 21:00:00+00:00,ERFT_B,3.45,0.0,10.68,146.4
2025-09-15 21:15:00+00:00,ERFT_B,3.368,0.0,11.15,145.9
2025-09-15 21:30:00+00:00,ERFT_B,3.329,0.0,10.73,145.6
2025-09-15 21:45:00+00:00,ERFT_B,3.538,0.0,11.08,147.0
2025-09-15 22:00:00+00:00,ERFT_B,3.415,0.0,10.74,146.2
2025-09-15 22:15:00+00:00,ERFT_B,3.378,0.0,11.28,145.9
2025-09-15 22:30:00+00:00,ERFT_B,3.331,0.0,10.62,145.6
2025-09-15 22:45:00+00:00,ERFT_B,3.435,0.0,11.04,146.3
2025-09-15 23:00:00+00:00,ERFT_B,3.493,0.0,11.04,146.7
2025-09-15 23:15:00+00:00,ERFT_B,3.381,0.0,11.57,146.0
2025-09-15 23:30:00+00:00,ERFT_B,3.402,0.0,10.83,146.1
2025-09-15 23:45:00+00:00,ERFT_B,3.61,1.65,11.12,147.5
2025-09-16 00:00:00+00:00,ERFT_B,3.67,0.0,10.96,147.9
2025-09-16 00:15:00+00:00,ERFT_B,3.406,0.0,11.12,146.1
2025-09-16 00:30:00+00:00,ERFT_B,3.449,0.0,10.46,146.4
2025-09-16 00:45:00+00:00,ERFT_B,3.68,0.0,11.22,148.0
2025-09-16 01:00:00+00:00,ERFT_B,3.787,0.0,11.15,148.7
2025-09-16 01:15:00+00:00,ERFT_B,3.745,0.0,11.91,148.4
2025-09-16 01:30:00+00:00,ERFT_B,3.836,0.0,11.12,149.0
2025-09-16 01:45:00+00:00,ERFT_B,3.706,0.0,11.7,148.1
2025-09-16 02:00:00+00:00,ERFT_B,3.841,0.0,11.75,149.0
2025-09-16 02:15:00+00:00,ERFT_B,3.932,0.0,11.1,149.6
2025-09-16 02:30:00+00:00,ERFT_B,3.697,0.0,11.11,148.1
2025-09-16 02:45:00+00:00,ERFT_B,3.803,0.0,11.15,148.8
2025-09-16 03:00:00+00:00,ERFT_B,3.966,0.0,11.32,149.8
2025-09-16 03:15:00+00:00,ERFT_B,3.857,0.0,11.36,149.1
2025-09-16 03:30:00+00:00,ERFT_B,3.711,0.0,11.27,148.2
2025-09-16 03:45:00+00:00,ERFT_B,3.714,0.0,11.51,148.2
2025-09-16 04:00:00+00:00,ERFT_B,3.744,0.51,11.49,148.4
2025-09-16 04:15:00+00:00,ERFT_B,3.709,0.0,11.75,148.1
2025-09-16 04:30:00+00:00,ERFT_B,3.797,0.0,11.47,148.7
2025-09-16 04:45:00+00:00,ERFT_B,3.691,0.0,11.84,148.0
2025-09-16 05:00:00+00:00,ERFT_B,3.829,0.0,11.43,148.9
2025-09-16 05:15:00+00:00,ERFT_B,3.916,0.0,11.42,149.5
2025-09-16 05:30:00+00:00,ERFT_B,3.81,0.0,11.77,148.8
2025-09-16 05:45:00+00:00,ERFT_B,3.723,0.0,11.18,148.2
2025-09-16 06:00:00+00:00,ERFT_B,3.738,0.0,12.04,148.3
2025-09-16 06:15:00+00:00,ERFT_B,3.857,2.19,11.81,149.1
2025-09-16 06:30:00+00:00,ERFT_B,3.881,1.34,12.26,149.3
2025-09-16 06:45:00+00:00,ERFT_B,3.94,0.0,12.32,149.6
2025-09-16 07:00:00+00:00,ERFT_B,3.806,0.0,11.8,148.8
2025-09-16 07:15:00+00:00,ERFT_B,3.757,0.0,12.27,148.5
2025-09-16 07:30:00+00:00,ERFT_B,3.849,0.0,12.1,149.0
2025-09-16 07:45:00+00:00,ERFT_B,3.845,0.0,11.76,149.0
2025-09-16 08:00:00+00:00,ERFT_B,3.834,0.0,12.25,149.0
2025-09-16 08:15:00+00:00,ERFT_B,3.611,0.0,12.09,147.5
2025-09-16 08:30:00+00:00,ERFT_B,3.8,0.0,12.05,148.7
2025-09-16 08:45:00+00:00,ERFT_B,3.663,0.0,12.94,147.8
2025-09-16 09:00:00+00:00,ERFT_B,3.693,0.0,11.93,148.0
2025-09-16 09:15:00+00:00,ERFT_B,3.758,1.49,12.28,148.5
2025-09-16 09:30:00+00:00,ERFT_B,3.648,0.0,12.61,147.7
2025-09-16 09:45:00+00:00,ERFT_B,3.763,0.0,12.87,148.5
2025-09-16 10:00:00+00:00,ERFT_B,3.652,0.0,12.44,147.8
2025-09-16 10:15:00+00:00,ERFT_B,3.623,0.0,12.93,147.6
2025-09-16 10:30:00+00:00,ERFT_B,3.734,0.0,12.58,148.3
2025-09-16 10:45:00+00:00,ERFT_B,3.535,0.0,12.26,147.0
2025-09-16 11:00:00+00:00,ERFT_B,3.66,0.0,12.42,147.8
2025-09-16 11:15:00+00:00,ERFT_B,3.449,0.0,12.83,146.4
2025-09-16 11:30:00+00:00,ERFT_B,3.475,0.0,12.75,146.6
2025-09-16 11:45:00+00:00,ERFT_B,3.573,0.0,12.73,147.3
2025-09-16 12:00:00+00:00,ERFT_B,3.558,0.0,13.59,147.2
2025-09-16 12:15:00+00:00,ERFT_B,3.445,0.0,13.32,146.4
2025-09-16 12:30:00+00:00,ERFT_B,3.555,0.0,12.77,147.1
2025-09-16 12:45:00+00:00,ERFT_B,3.377,0.0,12.31,145.9
2025-09-16 13:00:00+00:00,ERFT_B,3.222,0.0,13.11,144.9
2025-09-16 13:15:00+00:00,ERFT_B,3.464,0.0,13.17,146.5
2025-09-16 13:30:00+00:00,ERFT_B,3.328,0.0,13.19,145.6
2025-09-16 13:45:00+00:00,ERFT_B,3.35,0.0,12.89,145.8
2025-09-16 14:00:00+00:00,ERFT_B,3.277,0.0,13.25,145.3
2025-09-16 14:15:00+00:00,ERFT_B,3.391,0.0,14.09,146.0
2025-09-16 14:30:00+00:00,ERFT_B,3.368,0.0,13.52,145.9
2025-09-16 14:45:00+00:00,ERFT_B,3.353,0.0,13.41,145.8
2025-09-16 15:00:00+00:00,ERFT_B,3.193,0.0,13.58,144.7
2025-09-16 15:15:00+00:00,ERFT_B,3.305,0.0,13.59,145.4
2025-09-16 15:30:00+00:00,ERFT_B,3.142,0.0,13.63,144.3
2025-09-16 15:45:00+00:00,ERFT_B,3.117,0.0,13.45,144.1
2025-09-16 16:00:00+00:00,ERFT_B,3.303,0.0,13.67,145.4
2025-09-16 16:15:00+00:00,ERFT_B,3.249,0.0,13.92,145.1
2025-09-16 16:30:00+00:00,ERFT_B,3.309,0.0,14.35,145.5
2025-09-16 16:45:00+00:00,ERFT_B,3.287,0.0,13.99,145.3
2025-09-16 17:00:00+00:00,ERFT_B,3.221,0.0,14.17,144.9
2025-09-16 17:15:00+00:00,ERFT_B,3.285,0.0,13.83,145.3
2025-09-16 17:30:00+00:00,ERFT_B,3.088,0.0,13.98,143.9
2025-09-16 17:45:00+00:00,ERFT_B,3.196,0.0,13.79,144.7
2025-09-16 18:00:00+00:00,ERFT_B,3.21,0.0,14.09,144.8
2025-09-16 18:15:00+00:00,ERFT_B,3.155,0.0,14.34,144.4
2025-09-16 18:30:00+00:00,ERFT_B,3.3,2.1,14.13,145.4
2025-09-16 18:45:00+00:00,ERFT_B,3.162,0.0,14.33,144.5
2025-09-16 19:00:00+00:00,ERFT_B,3.254,0.0,14.14,145.1
2025-09-16 19:15:00+00:00,ERFT_B,3.162,0.0,14.31,144.5
2025-09-16 19:30:00+00:00,ERFT_B,3.274,0.0,14.23,145.2
2025-09-16 19:45:00+00:00,ERFT_B,3.258,0.0,14.32,145.1
2025-09-16 20:00:00+00:00,ERFT_B,3.262,0.0,14.69,145.2
2025-09-16 20:15:00+00:00,ERFT_B,3.331,0.0,14.25,145.6
2025-09-16 20:30:00+00:00,ERFT_B,3.208,0.0,13.99,144.8
2025-09-16 20:45:00+00:00,ERFT_B,3.315,0.0,14.72,145.5
2025-09-16 21:00:00+00:00,ERFT_B,3.304,0.0,14.66,145.4
2025-09-16 21:15:00+00:00,ERFT_B,3.322,0.0,14.61,145.6
2025-09-16 21:30:00+00:00,ERFT_B,3.332,0.0,14.35,145.6
2025-09-16 21:45:00+00:00,ERFT_B,3.33,0.0,14.65,145.6
2025-09-16 22:00:00+00:00,ERFT_B,3.257,0.0,14.94,145.1
2025-09-16 22:15:00+00:00,ERFT_B,3.386,2.19,14.67,146.0
2025-09-16 22:30:00+00:00,ERFT_B,3.558,0.0,15.16,147.2
2025-09-16 22:45:00+00:00,ERFT_B,3.423,0.0,14.37,146.3
2025-09-16 23:00:00+00:00,ERFT_B,3.478,0.0,15.25,146.6
2025-09-16 23:15:00+00:00,ERFT_B,3.501,1.03,14.96,146.8
2025-09-16 23:30:00+00:00,ERFT_B,3.739,0.0,15.09,148.3
2025-09-16 23:45:00+00:00,ERFT_B,3.528,0.0,14.91,147.0
